Model,Study,Target,MSE_Mean,MSE_Std,MSE_CI_Low,MSE_CI_High,RMSE_Mean,RMSE_Std,RMSE_CI_Low,RMSE_CI_High,MAE_Mean,MAE_Std,MAE_CI_Low,MAE_CI_High,R2_Mean,R2_Std,R2_CI_Low,R2_CI_High,PCC_Mean,PCC_Std,PCC_CI_Low,PCC_CI_High
MLP,ALMANAC,synergy_bliss,16.3117,0.2779,15.9667,16.6567,4.0386,0.0346,3.9957,4.0816,2.9526,0.0269,2.9192,2.986,0.5529,0.0088,0.542,0.5637,0.7467,0.0057,0.7396,0.7538
MLP,ALMANAC,synergy_hsa,13.8407,0.0721,13.7511,13.9302,3.7203,0.0097,3.7083,3.7323,2.7094,0.0062,2.7017,2.7171,0.5922,0.0041,0.5871,0.5974,0.7724,0.0015,0.7705,0.7743
MLP,ALMANAC,synergy_loewe,89.1786,0.777,88.214,90.1433,9.4434,0.0411,9.3924,9.4943,6.1074,0.0658,6.0257,6.1891,0.5783,0.0093,0.5668,0.5899,0.7684,0.0041,0.7633,0.7734
MLP,ALMANAC,synergy_zip,13.0346,0.1054,12.9037,13.1654,3.6103,0.0146,3.5922,3.6284,2.6241,0.0139,2.6069,2.6413,0.5322,0.0028,0.5287,0.5356,0.7353,0.002,0.7328,0.7379
MLP,ASTRAZENECA,synergy_bliss,201700.9615,175272.3474,-15893.5129,419295.4359,396.1473,211.5851,133.4718,658.8228,22.284,6.8033,13.8379,30.7301,-317.8606,620.2896,-1087.9284,452.2072,0.1478,0.1583,-0.0487,0.3443
MLP,ASTRAZENECA,synergy_hsa,75.1129,6.2785,67.3183,82.9074,8.659,0.3657,8.205,9.1131,5.1009,0.1375,4.9302,5.2716,0.1582,0.1387,-0.014,0.3303,0.5026,0.0703,0.4153,0.5898
MLP,ASTRAZENECA,synergy_loewe,937.0305,709.8198,55.814,1818.2469,28.0159,12.3345,12.7031,43.3287,8.8708,0.2141,8.605,9.1365,-0.3466,0.9046,-1.4695,0.7764,0.4143,0.2247,0.1353,0.6932
MLP,ASTRAZENECA,synergy_zip,63857.7406,63877.7018,-15444.1867,143159.6679,213.3454,135.4308,45.2128,381.4779,14.6047,3.4954,10.2652,18.9441,-197.8502,387.4132,-678.8101,283.1098,0.1283,0.2157,-0.1395,0.396
MLP,DYALL,synergy_bliss,33.5372,9.6327,21.5785,45.4958,5.7314,0.8295,4.7017,6.7612,4.4401,0.5165,3.7989,5.0813,-0.0972,0.2737,-0.4369,0.2426,0.3576,0.1575,0.1621,0.5531
MLP,DYALL,synergy_hsa,18.2402,5.8947,10.9222,25.5582,4.2069,0.7364,3.2926,5.1211,3.0288,0.4461,2.475,3.5826,-0.2812,0.8329,-1.3152,0.7529,0.3111,0.2057,0.0558,0.5664
MLP,DYALL,synergy_loewe,241.1008,75.0833,147.8875,334.3141,15.3312,2.4607,12.2764,18.3861,11.3803,2.0959,8.7783,13.9822,-0.5465,0.9421,-1.7161,0.6231,0.5204,0.0849,0.415,0.6258
MLP,DYALL,synergy_zip,20.8473,3.1655,16.9174,24.7773,4.5524,0.3508,4.1169,4.9878,3.741,0.2129,3.4767,4.0053,0.0833,0.1587,-0.1138,0.2803,0.4616,0.1262,0.3049,0.6184
MLP,FALLAHI-SICHANI,synergy_bliss,96.4543,74.3345,4.1706,188.738,8.9178,4.1143,3.8101,14.0255,7.2036,3.6831,2.6311,11.776,-0.5041,1.2396,-2.043,1.0348,0.3342,0.6475,-0.4697,1.1381
MLP,FALLAHI-SICHANI,synergy_hsa,80.8758,48.9962,20.0488,141.7028,8.5662,2.7378,5.1674,11.9651,7.0938,2.2903,4.2504,9.9371,0.2204,0.3407,-0.2026,0.6434,0.6908,0.4349,0.1509,1.2308
MLP,FALLAHI-SICHANI,synergy_loewe,97.4536,28.9974,61.4543,133.4528,9.7551,1.5137,7.8759,11.6343,7.8713,1.4255,6.1016,9.6409,0.3833,0.2627,0.0572,0.7094,0.8251,0.084,0.7208,0.9294
MLP,FALLAHI-SICHANI,synergy_zip,82.7751,65.882,0.9849,164.5653,8.3533,3.6053,3.8774,12.8291,6.764,3.3443,2.6121,10.9159,-0.744,0.9329,-1.9022,0.4143,0.2484,0.564,-0.4518,0.9487
MLP,FLOBAK,synergy_bliss,9.6569,1.1025,8.2882,11.0256,3.1024,0.1795,2.8795,3.3252,2.2615,0.0762,2.1669,2.3561,0.7858,0.0221,0.7584,0.8133,0.8876,0.0133,0.871,0.9041
MLP,FLOBAK,synergy_hsa,10.6664,1.2208,9.1508,12.182,3.2609,0.181,3.0362,3.4856,2.3648,0.0775,2.2686,2.461,0.6713,0.0138,0.6541,0.6885,0.8221,0.008,0.8122,0.8321
MLP,FLOBAK,synergy_loewe,18.4993,0.7997,17.5064,19.4921,4.3001,0.0926,4.1851,4.415,3.2116,0.1078,3.0777,3.3454,0.6562,0.028,0.6214,0.691,0.8139,0.018,0.7915,0.8363
MLP,FLOBAK,synergy_zip,7.0453,1.2436,5.5015,8.5892,2.6435,0.2395,2.3462,2.9408,1.8192,0.0716,1.7302,1.9081,0.7451,0.0392,0.6964,0.7938,0.8637,0.0223,0.8361,0.8913
MLP,FORCINA,synergy_bliss,290.6273,35.865,246.1021,335.1525,17.0154,1.0508,15.7108,18.3199,13.0957,0.4117,12.5847,13.6068,-0.1427,0.0706,-0.2304,-0.055,0.1706,0.0758,0.0765,0.2647
MLP,FORCINA,synergy_hsa,196.9877,40.2066,147.0726,246.9027,13.9616,1.4361,12.1787,15.7444,10.012,0.9157,8.8751,11.1488,0.0316,0.0731,-0.0592,0.1224,0.315,0.0747,0.2223,0.4077
MLP,FORCINA,synergy_loewe,196.5809,38.8104,148.3992,244.7627,13.9515,1.3913,12.2243,15.6788,10.0032,0.8655,8.9287,11.0778,0.033,0.0671,-0.0503,0.1163,0.3139,0.0663,0.2316,0.3962
MLP,FORCINA,synergy_zip,290.6273,35.865,246.1021,335.1525,17.0154,1.0508,15.7108,18.3199,13.0957,0.4117,12.5847,13.6068,-0.1427,0.0706,-0.2304,-0.055,0.1706,0.0758,0.0765,0.2647
MLP,FRIEDMAN,synergy_bliss,117.3463,4.4207,111.8582,122.8345,10.8307,0.2031,10.5787,11.0828,7.9966,0.1107,7.8592,8.134,0.9214,0.0026,0.9182,0.9246,0.9601,0.0013,0.9585,0.9616
MLP,FRIEDMAN,synergy_hsa,106.8152,2.2594,104.0102,109.6201,10.3346,0.1094,10.1987,10.4704,7.665,0.0539,7.598,7.7319,0.722,0.0052,0.7156,0.7285,0.8526,0.0029,0.849,0.8562
MLP,FRIEDMAN,synergy_loewe,138.2319,0.6788,137.3892,139.0746,11.7572,0.0288,11.7214,11.793,8.7821,0.0219,8.7549,8.8093,0.4175,0.0062,0.4098,0.4251,0.6696,0.0043,0.6642,0.675
MLP,FRIEDMAN,synergy_zip,61.3288,1.187,59.8552,62.8025,7.8309,0.0759,7.7367,7.9251,5.6855,0.043,5.6321,5.7389,0.8386,0.0038,0.8338,0.8433,0.9168,0.0018,0.9146,0.9191
MLP,NCATS_2D_3D,synergy_bliss,12.6845,5.4889,5.8702,19.4989,3.4672,0.8144,2.4562,4.4782,2.4947,0.8151,1.4827,3.5067,-2.4993,4.0048,-7.4711,2.4725,-0.0283,0.5756,-0.7429,0.6863
MLP,NCATS_2D_3D,synergy_hsa,17.3908,8.9306,6.3038,28.4778,3.9888,1.2166,2.4785,5.4992,2.7443,0.9314,1.588,3.9006,-1.2831,1.5785,-3.2428,0.6766,-0.0126,0.5636,-0.7123,0.687
MLP,NCATS_2D_3D,synergy_loewe,32.554,24.0081,2.7488,62.3591,5.049,2.6574,1.75,8.348,3.3703,1.8624,1.0581,5.6824,-0.5434,0.5254,-1.1956,0.1089,0.4732,0.371,0.0126,0.9337
MLP,NCATS_2D_3D,synergy_zip,7.406,6.6355,-0.8318,15.6438,2.517,1.0348,1.2324,3.8016,1.938,0.8275,0.9107,2.9654,-3.3651,7.1171,-12.2007,5.4705,0.7459,0.3994,0.2501,1.2417
MLP,NCATS_ES(FAKI_AURKI),synergy_bliss,26.1319,5.2413,19.625,32.6388,5.0886,0.4875,4.4834,5.6939,3.8711,0.2286,3.5873,4.1549,-0.1972,0.0999,-0.3213,-0.0732,0.0853,0.0942,-0.0316,0.2022
MLP,NCATS_ES(FAKI_AURKI),synergy_hsa,15.2075,4.2673,9.9098,20.5052,3.8664,0.5083,3.2353,4.4975,2.7622,0.1683,2.5534,2.9711,-0.2597,0.0866,-0.3672,-0.1522,0.0186,0.0585,-0.0541,0.0913
MLP,NCATS_ES(FAKI_AURKI),synergy_loewe,40.0793,2.9391,36.4306,43.7281,6.3267,0.2296,6.0416,6.6117,5.0351,0.1607,4.8356,5.2346,-0.2733,0.0879,-0.3824,-0.1642,0.1916,0.0301,0.1541,0.229
MLP,NCATS_ES(FAKI_AURKI),synergy_zip,15.7671,1.9748,13.3155,18.2187,3.9634,0.2419,3.6631,4.2637,3.0782,0.1639,2.8748,3.2817,-0.1509,0.1169,-0.2961,-0.0058,0.1405,0.0951,0.0225,0.2586
MLP,NCATS_ES(NAMPT+PARP),synergy_bliss,132.093,11.7597,117.4938,146.6922,11.4818,0.5119,10.8462,12.1173,7.9153,0.191,7.6783,8.1524,0.2371,0.0307,0.199,0.2752,0.5207,0.027,0.4871,0.5542
MLP,NCATS_ES(NAMPT+PARP),synergy_hsa,71.8505,10.4245,58.9088,84.7921,8.4546,0.6082,7.6995,9.2097,5.6409,0.1611,5.4409,5.8409,0.0904,0.0621,0.0133,0.1676,0.4074,0.0541,0.3403,0.4746
MLP,NCATS_ES(NAMPT+PARP),synergy_loewe,149.7128,14.5154,131.6924,167.7332,12.2218,0.5827,11.4984,12.9453,8.3703,0.2828,8.0191,8.7214,0.1685,0.0525,0.1033,0.2337,0.4725,0.0451,0.4166,0.5285
MLP,NCATS_ES(NAMPT+PARP),synergy_zip,80.4365,11.1695,66.5699,94.303,8.9484,0.6027,8.2001,9.6966,6.3707,0.2613,6.0463,6.6951,0.327,0.054,0.2599,0.3941,0.5872,0.0415,0.5356,0.6387
MLP,NCATS_HL,synergy_bliss,569.3017,147.9579,385.6171,752.9863,23.6634,3.0571,19.8681,27.4587,14.559,0.8358,13.5213,15.5966,0.0517,0.1436,-0.1265,0.2299,0.4454,0.0944,0.3282,0.5626
MLP,NCATS_HL,synergy_hsa,91.0924,10.7578,77.737,104.4478,9.5281,0.5548,8.8393,10.2168,7.0471,0.3683,6.5899,7.5044,-0.4593,0.1162,-0.6035,-0.3151,0.1283,0.0627,0.0504,0.2062
MLP,NCATS_HL,synergy_loewe,303.8621,20.5348,278.3689,329.3554,17.422,0.5791,16.7031,18.1409,13.3844,0.7187,12.4921,14.2767,-0.373,0.1448,-0.5527,-0.1932,0.2427,0.0566,0.1723,0.313
MLP,NCATS_HL,synergy_zip,495.0046,166.6121,288.1615,701.8477,21.9412,3.6861,17.365,26.5174,12.9802,1.1144,11.5967,14.3636,0.1604,0.1599,-0.0381,0.3589,0.5077,0.1055,0.3767,0.6387
MLP,ONEIL,synergy_bliss,19.5119,1.0005,18.2698,20.754,4.4158,0.1135,4.2749,4.5566,2.9241,0.0429,2.8708,2.9774,0.6064,0.0147,0.5882,0.6246,0.7809,0.0091,0.7696,0.7921
MLP,ONEIL,synergy_hsa,20.6194,0.9196,19.4777,21.761,4.5397,0.1015,4.4137,4.6657,2.9626,0.0266,2.9297,2.9956,0.5866,0.0116,0.5722,0.601,0.768,0.0087,0.7571,0.7788
MLP,ONEIL,synergy_loewe,64.1582,0.8605,63.0899,65.2265,8.0097,0.0536,7.9431,8.0763,5.2538,0.0485,5.1936,5.3141,0.7238,0.0172,0.7024,0.7451,0.8515,0.0095,0.8397,0.8633
MLP,ONEIL,synergy_zip,12.3975,0.2684,12.0643,12.7307,3.5208,0.0382,3.4734,3.5682,2.5521,0.0257,2.5202,2.5839,0.6336,0.0085,0.6231,0.6441,0.797,0.0057,0.79,0.804
MLP,YOHE,synergy_bliss,70.7677,15.7056,51.2698,90.2656,8.3671,0.8712,7.2856,9.4487,6.6344,0.406,6.1303,7.1384,-0.1744,0.2377,-0.4695,0.1207,0.3164,0.1503,0.1298,0.503
MLP,YOHE,synergy_hsa,28.3207,4.195,23.1127,33.5286,5.3066,0.4006,4.8093,5.8039,4.0074,0.4328,3.47,4.5447,0.0513,0.1203,-0.0981,0.2007,0.4553,0.0623,0.378,0.5327
MLP,YOHE,synergy_loewe,50.5045,11.3226,36.4479,64.561,7.0634,0.7829,6.0914,8.0354,5.4061,0.3322,4.9936,5.8185,-0.0845,0.1801,-0.3081,0.1391,0.3537,0.071,0.2656,0.4417
MLP,YOHE,synergy_zip,70.2429,10.9018,56.7087,83.7771,8.3569,0.6367,7.5665,9.1473,6.5828,0.3636,6.1314,7.0342,-0.3455,0.2095,-0.6056,-0.0855,0.2297,0.1221,0.078,0.3813
RF,ALMANAC,synergy_bliss,20.3266,0.3094,19.9424,20.7107,4.5084,0.0343,4.4658,4.551,3.2145,0.0194,3.1904,3.2386,0.4429,0.0068,0.4344,0.4514,0.6764,0.0056,0.6695,0.6834
RF,ALMANAC,synergy_hsa,18.0463,0.2609,17.7224,18.3703,4.248,0.0307,4.2099,4.2861,2.9937,0.0142,2.9761,3.0114,0.4684,0.0052,0.4619,0.4749,0.6947,0.0038,0.69,0.6995
RF,ALMANAC,synergy_loewe,109.8082,1.8309,107.5352,112.0812,10.4786,0.0876,10.3699,10.5873,7.0325,0.0274,6.9985,7.0664,0.4809,0.002,0.4785,0.4834,0.7068,0.0011,0.7055,0.7082
RF,ALMANAC,synergy_zip,15.4484,0.1533,15.2581,15.6386,3.9304,0.0195,3.9062,3.9546,2.8003,0.0102,2.7876,2.8129,0.4455,0.0048,0.4396,0.4514,0.6777,0.0037,0.6731,0.6822
RF,ASTRAZENECA,synergy_bliss,123928.0221,173041.9605,-90897.5051,338753.5494,279.6369,213.8487,14.1512,545.1225,16.8189,3.6085,12.339,21.2987,-68.4725,133.5143,-234.2259,97.2808,0.2804,0.1759,0.062,0.4988
RF,ASTRAZENECA,synergy_hsa,68.9828,5.9655,61.5768,76.3888,8.2979,0.3572,7.8544,8.7414,4.8667,0.1265,4.7096,5.0238,0.2294,0.111,0.0915,0.3673,0.495,0.0849,0.3895,0.6004
RF,ASTRAZENECA,synergy_loewe,810.5848,669.0708,-20.0432,1641.2127,26.0249,11.5451,11.6921,40.3577,8.3058,0.2405,8.0072,8.6044,-0.0061,0.2136,-0.2712,0.259,0.3872,0.1319,0.2234,0.5509
RF,ASTRAZENECA,synergy_zip,51377.2177,68082.0702,-33144.2856,135898.721,183.3431,133.2762,17.8854,348.8007,12.4824,2.3403,9.5769,15.3878,-57.9284,113.379,-198.6845,82.8276,0.1025,0.0869,-0.0054,0.2104
RF,DYALL,synergy_bliss,26.836,7.2314,17.8585,35.8135,5.1386,0.656,4.3243,5.953,4.0043,0.4842,3.4032,4.6054,0.128,0.1399,-0.0456,0.3016,0.4453,0.1195,0.2969,0.5937
RF,DYALL,synergy_hsa,19.2638,6.7149,10.9274,27.6001,4.3131,0.8128,3.304,5.3222,3.0521,0.4466,2.4977,3.6065,-0.3035,0.7647,-1.2529,0.6458,0.2271,0.2201,-0.0461,0.5003
RF,DYALL,synergy_loewe,193.9206,71.3361,105.3593,282.4819,13.6399,2.806,10.1563,17.1235,10.5008,1.8386,8.2183,12.7833,-0.0634,0.4334,-0.6014,0.4746,0.5359,0.083,0.4329,0.6388
RF,DYALL,synergy_zip,19.0609,4.7693,13.14,24.9819,4.3311,0.5496,3.6488,5.0135,3.2786,0.3369,2.8604,3.6969,0.1765,0.1458,-0.0045,0.3576,0.4802,0.094,0.3635,0.5968
RF,FALLAHI-SICHANI,synergy_bliss,87.995,67.1747,4.5999,171.39,8.4438,4.0861,3.3711,13.5166,7.1426,3.6433,2.6195,11.6656,-0.2649,1.0101,-1.5189,0.9891,0.4743,0.5569,-0.2171,1.1656
RF,FALLAHI-SICHANI,synergy_hsa,78.7284,44.0537,24.0372,133.4196,8.4464,2.7178,5.0723,11.8205,6.9427,2.097,4.3394,9.5461,0.2624,0.2965,-0.1058,0.6305,0.7956,0.2181,0.5248,1.0664
RF,FALLAHI-SICHANI,synergy_loewe,93.7795,25.5148,62.1038,125.4553,9.5871,1.3664,7.8908,11.2834,7.8935,1.1108,6.5145,9.2725,0.4008,0.2587,0.0797,0.722,0.8504,0.0726,0.7602,0.9406
RF,FALLAHI-SICHANI,synergy_zip,80.7505,65.4847,-0.5465,162.0475,8.1886,3.7009,3.594,12.7832,6.8174,3.412,2.5815,11.0532,-0.5136,0.5308,-1.1726,0.1454,0.273,0.4939,-0.3402,0.8862
RF,FLOBAK,synergy_bliss,14.4785,2.0632,11.9171,17.0399,3.7961,0.2603,3.473,4.1193,2.8059,0.1243,2.6516,2.9602,0.6805,0.0257,0.6486,0.7124,0.8448,0.0157,0.8253,0.8642
RF,FLOBAK,synergy_hsa,12.537,1.4581,10.7268,14.3473,3.535,0.202,3.2843,3.7857,2.5919,0.1015,2.4659,2.7179,0.6133,0.0246,0.5828,0.6438,0.7994,0.0144,0.7816,0.8172
RF,FLOBAK,synergy_loewe,24.6694,1.7008,22.5579,26.7809,4.9638,0.174,4.7477,5.1799,3.6923,0.1437,3.5138,3.8708,0.5412,0.0483,0.4812,0.6012,0.7569,0.0389,0.7087,0.8052
RF,FLOBAK,synergy_zip,9.7714,0.6718,8.9374,10.6054,3.1241,0.108,2.99,3.2581,2.1552,0.1061,2.0235,2.287,0.645,0.0268,0.6118,0.6783,0.8186,0.0213,0.7922,0.845
RF,FORCINA,synergy_bliss,237.9173,25.1335,206.715,269.1197,15.4033,0.8097,14.3981,16.4085,11.7651,0.3642,11.3129,12.2172,0.0642,0.0189,0.0408,0.0876,0.2555,0.0414,0.204,0.3069
RF,FORCINA,synergy_hsa,174.1195,33.6627,132.3285,215.9105,13.1302,1.3102,11.5037,14.7567,9.2645,0.7623,8.3181,10.2109,0.1452,0.0288,0.1096,0.1809,0.3947,0.0426,0.3418,0.4476
RF,FORCINA,synergy_loewe,173.8938,33.6842,132.076,215.7116,13.1214,1.3123,11.4923,14.7506,9.2729,0.7622,8.3266,10.2191,0.1466,0.0279,0.112,0.1812,0.3965,0.0389,0.3482,0.4449
RF,FORCINA,synergy_zip,237.9528,25.1843,206.6874,269.2182,15.4044,0.8112,14.3973,16.4114,11.7687,0.3638,11.3171,12.2204,0.0641,0.0191,0.0404,0.0879,0.2551,0.0422,0.2028,0.3075
RF,FRIEDMAN,synergy_bliss,423.9449,10.5422,410.8571,437.0327,20.5883,0.2558,20.2708,20.9059,14.3684,0.137,14.1984,14.5384,0.7162,0.0014,0.7144,0.7179,0.8755,0.0015,0.8737,0.8774
RF,FRIEDMAN,synergy_hsa,142.7948,2.9031,139.1907,146.3989,11.9491,0.1217,11.798,12.1001,8.9812,0.065,8.9005,9.0619,0.6285,0.0029,0.6249,0.6321,0.8145,0.0025,0.8114,0.8176
RF,FRIEDMAN,synergy_loewe,132.7214,2.0566,130.1683,135.2746,11.5201,0.0892,11.4094,11.6309,8.616,0.0459,8.559,8.6729,0.4408,0.0028,0.4373,0.4443,0.6745,0.0023,0.6716,0.6773
RF,FRIEDMAN,synergy_zip,112.1348,2.0338,109.6098,114.6597,10.5889,0.0962,10.4695,10.7084,7.6033,0.0482,7.5434,7.6631,0.7049,0.0023,0.702,0.7078,0.8582,0.0026,0.855,0.8613
RF,NCATS_2D_3D,synergy_bliss,8.6833,3.539,4.2898,13.0768,2.88,0.6237,2.1057,3.6543,2.0576,0.5237,1.4074,2.7077,-0.6619,0.7622,-1.6081,0.2843,0.246,0.3365,-0.1718,0.6637
RF,NCATS_2D_3D,synergy_hsa,14.5715,4.8449,8.5568,20.5863,3.7648,0.6305,2.9821,4.5476,2.6127,0.5799,1.8927,3.3326,-2.4752,4.6224,-8.2138,3.2634,0.0859,0.6734,-0.7502,0.9219
RF,NCATS_2D_3D,synergy_loewe,25.6186,12.231,10.4342,40.8031,4.9052,1.2481,3.3557,6.4547,3.5437,1.1404,2.1279,4.9595,-9.2419,18.2964,-31.9562,13.4724,0.0097,0.6122,-0.7504,0.7698
RF,NCATS_2D_3D,synergy_zip,5.5506,4.8994,-0.5319,11.633,2.1857,0.8795,1.0938,3.2775,1.6524,0.8542,0.5919,2.7129,-2.249,5.3241,-8.8587,4.3607,0.7843,0.291,0.4229,1.1456
RF,NCATS_ES(FAKI_AURKI),synergy_bliss,21.6568,3.991,16.702,26.6115,4.6358,0.408,4.1292,5.1423,3.4737,0.1151,3.3307,3.6166,0.0081,0.0261,-0.0243,0.0406,0.1255,0.0665,0.043,0.2081
RF,NCATS_ES(FAKI_AURKI),synergy_hsa,12.4887,3.8992,7.648,17.3294,3.4968,0.5107,2.8628,4.1308,2.4452,0.1516,2.257,2.6334,-0.0249,0.0338,-0.0668,0.0171,0.0264,0.0905,-0.086,0.1388
RF,NCATS_ES(FAKI_AURKI),synergy_loewe,29.3499,1.3077,27.7264,30.9734,5.4162,0.121,5.266,5.5664,4.3629,0.0527,4.2975,4.4283,0.0682,0.0172,0.0469,0.0895,0.2708,0.0326,0.2303,0.3113
RF,NCATS_ES(FAKI_AURKI),synergy_zip,13.341,1.5085,11.4683,15.2138,3.6469,0.2022,3.3959,3.8979,2.8285,0.1236,2.6751,2.9819,0.0295,0.0252,-0.0019,0.0608,0.1849,0.0607,0.1095,0.2602
RF,NCATS_ES(NAMPT+PARP),synergy_bliss,135.8772,9.1122,124.5648,147.1897,11.6501,0.3899,11.166,12.1342,8.0606,0.1214,7.9099,8.2113,0.2142,0.0222,0.1866,0.2418,0.4675,0.0283,0.4325,0.5026
RF,NCATS_ES(NAMPT+PARP),synergy_hsa,63.4054,9.5876,51.5027,75.308,7.9405,0.5945,7.2024,8.6786,5.2481,0.1836,5.0202,5.476,0.1991,0.0336,0.1574,0.2409,0.4517,0.0389,0.4034,0.5001
RF,NCATS_ES(NAMPT+PARP),synergy_loewe,141.9848,14.1379,124.4331,159.5365,11.9012,0.5881,11.1712,12.6313,8.1713,0.2447,7.8675,8.475,0.212,0.0437,0.1577,0.2663,0.4625,0.0457,0.4058,0.5192
RF,NCATS_ES(NAMPT+PARP),synergy_zip,89.5629,6.9299,80.9596,98.1661,9.4569,0.3599,9.0101,9.9038,6.8145,0.0918,6.7005,6.9285,0.2481,0.0245,0.2177,0.2785,0.5011,0.0271,0.4674,0.5347
RF,NCATS_HL,synergy_bliss,421.9576,127.0707,264.2037,579.7114,20.3194,3.0133,16.5785,24.0602,12.0962,0.8334,11.0616,13.1309,0.3057,0.0939,0.1891,0.4223,0.5602,0.0732,0.4693,0.6511
RF,NCATS_HL,synergy_hsa,58.8204,7.7117,49.2467,68.3942,7.6529,0.5037,7.0275,8.2783,5.4215,0.1789,5.1995,5.6436,0.0622,0.0303,0.0245,0.0998,0.2681,0.0434,0.2142,0.3221
RF,NCATS_HL,synergy_loewe,187.2467,14.1836,169.6383,204.8552,13.6739,0.5202,13.0282,14.3197,10.7792,0.3517,10.3426,11.2159,0.1585,0.0322,0.1186,0.1985,0.3977,0.0413,0.3465,0.449
RF,NCATS_HL,synergy_zip,389.637,126.8727,232.129,547.1449,19.4918,3.1154,15.6241,23.3595,11.1966,0.8495,10.142,12.2512,0.3415,0.0966,0.2216,0.4614,0.591,0.0744,0.4986,0.6834
RF,ONEIL,synergy_bliss,26.7502,1.0657,25.4271,28.0733,5.171,0.103,5.0432,5.2988,3.3861,0.0328,3.3453,3.4268,0.4604,0.0095,0.4486,0.4722,0.686,0.0087,0.6752,0.6968
RF,ONEIL,synergy_hsa,26.0809,1.3549,24.3989,27.763,5.1052,0.1329,4.9402,5.2702,3.3153,0.0602,3.2405,3.39,0.4772,0.0177,0.4552,0.4991,0.7023,0.0151,0.6836,0.7211
RF,ONEIL,synergy_loewe,97.4418,5.741,90.3146,104.569,9.867,0.29,9.507,10.227,6.4883,0.1162,6.3441,6.6326,0.5817,0.0147,0.5634,0.6,0.7687,0.0123,0.7534,0.7839
RF,ONEIL,synergy_zip,17.0384,0.1694,16.828,17.2487,4.1277,0.0205,4.1022,4.1532,2.9907,0.0233,2.9618,3.0196,0.4964,0.0062,0.4887,0.5042,0.7129,0.006,0.7055,0.7203
RF,YOHE,synergy_bliss,50.2009,10.7857,36.8108,63.591,7.0487,0.7187,6.1565,7.941,5.4973,0.2926,5.134,5.8606,0.1576,0.2111,-0.1045,0.4197,0.4501,0.174,0.234,0.6661
RF,YOHE,synergy_hsa,22.3468,3.8559,17.5598,27.1338,4.707,0.437,4.1644,5.2496,3.4598,0.3846,2.9823,3.9373,0.2579,0.0878,0.1488,0.3669,0.538,0.0484,0.4779,0.5981
RF,YOHE,synergy_loewe,43.7131,13.1143,27.4321,59.9941,6.5385,0.9806,5.3211,7.7559,4.6243,0.4928,4.0126,5.2361,0.0796,0.1576,-0.116,0.2753,0.3989,0.0941,0.2821,0.5156
RF,YOHE,synergy_zip,46.2708,11.192,32.3763,60.1653,6.7558,0.7938,5.7704,7.7412,5.3519,0.401,4.8541,5.8497,0.1124,0.1997,-0.1356,0.3604,0.3953,0.1795,0.1725,0.6182
XGB,ALMANAC,synergy_bliss,20.7759,0.27,20.4407,21.1111,4.558,0.0296,4.5212,4.5947,3.2836,0.0153,3.2646,3.3025,0.4305,0.0072,0.4216,0.4395,0.6638,0.006,0.6563,0.6712
XGB,ALMANAC,synergy_hsa,18.6083,0.3675,18.152,19.0645,4.3135,0.0425,4.2607,4.3663,3.0718,0.0175,3.05,3.0935,0.4518,0.0101,0.4393,0.4643,0.6804,0.0073,0.6713,0.6895
XGB,ALMANAC,synergy_loewe,116.6488,1.8277,114.3797,118.9178,10.8001,0.0846,10.695,10.9052,7.3562,0.0193,7.3322,7.3801,0.4486,0.0027,0.4453,0.4519,0.6786,0.0016,0.6766,0.6806
XGB,ALMANAC,synergy_zip,15.4083,0.1706,15.1965,15.6201,3.9253,0.0218,3.8983,3.9523,2.8365,0.011,2.8229,2.8502,0.4469,0.006,0.4395,0.4544,0.6744,0.0045,0.6687,0.68
XGB,ASTRAZENECA,synergy_bliss,407200.7039,200009.5526,158895.8564,655505.5513,589.4711,244.3861,286.0743,892.8678,22.0338,5.6561,15.0119,29.0556,-482.3542,891.3115,-1588.8862,624.1778,0.1168,0.1729,-0.0978,0.3314
XGB,ASTRAZENECA,synergy_hsa,72.8949,6.4668,64.8666,80.9232,8.5293,0.3827,8.0542,9.0043,4.8505,0.1041,4.7212,4.9798,0.1839,0.1271,0.0261,0.3417,0.5008,0.0705,0.4132,0.5884
XGB,ASTRAZENECA,synergy_loewe,1276.132,808.4469,272.4735,2279.7905,33.3261,12.8647,17.3551,49.2972,8.5344,0.4042,8.0326,9.0363,-0.863,0.9919,-2.0944,0.3684,0.2909,0.2302,0.0051,0.5767
XGB,ASTRAZENECA,synergy_zip,156919.2146,76281.5912,62218.2934,251620.1358,367.4185,148.0638,183.6024,551.2345,15.202,3.406,10.9735,19.4304,-311.2085,567.8134,-1016.1289,393.7118,0.1298,0.1749,-0.0873,0.3469
XGB,DYALL,synergy_bliss,33.9346,9.4641,22.1852,45.684,5.7676,0.8182,4.7518,6.7834,4.3285,0.6978,3.4622,5.1948,-0.1224,0.314,-0.5122,0.2674,0.3556,0.1346,0.1886,0.5227
XGB,DYALL,synergy_hsa,25.113,9.7469,13.0125,37.2135,4.918,0.9627,3.7228,6.1131,3.4862,0.446,2.9325,4.0399,-0.7272,1.0567,-2.039,0.5846,0.1483,0.1965,-0.0957,0.3923
XGB,DYALL,synergy_loewe,208.5243,91.1351,95.3833,321.6653,14.1074,3.083,10.2801,17.9348,10.2256,1.7184,8.0923,12.359,-0.3864,1.1642,-1.8317,1.059,0.5158,0.1573,0.3206,0.7111
XGB,DYALL,synergy_zip,26.861,4.2107,21.6335,32.0885,5.166,0.4163,4.6492,5.6828,3.8614,0.375,3.3958,4.327,-0.1986,0.297,-0.5673,0.17,0.3619,0.1335,0.1961,0.5277
XGB,FALLAHI-SICHANI,synergy_bliss,149.3056,90.918,36.4341,262.1772,11.2296,4.8167,5.2498,17.2095,8.7992,4.3893,3.35,14.2484,-1.275,1.3947,-3.0065,0.4565,0.1871,0.5648,-0.5141,0.8882
XGB,FALLAHI-SICHANI,synergy_hsa,137.7853,94.2934,20.7233,254.8472,11.1483,3.6743,6.5868,15.7098,9.0842,2.5274,5.9465,12.2218,-0.383,0.6924,-1.2426,0.4765,0.4253,0.5311,-0.2341,1.0847
XGB,FALLAHI-SICHANI,synergy_loewe,113.9546,41.4832,62.4546,165.4545,10.5153,1.8394,8.2318,12.7988,9.2188,2.0136,6.719,11.7186,0.1866,0.5399,-0.4837,0.8569,0.7601,0.2293,0.4755,1.0447
XGB,FALLAHI-SICHANI,synergy_zip,120.7494,64.9317,40.139,201.3598,10.267,3.9163,5.4051,15.129,8.4042,3.2537,4.3649,12.4436,-1.7623,1.8687,-4.0823,0.5577,0.0795,0.4692,-0.5029,0.662
XGB,FLOBAK,synergy_bliss,9.8678,0.6121,9.1079,10.6277,3.1398,0.0963,3.0203,3.2593,2.3299,0.061,2.2542,2.4057,0.7812,0.0085,0.7706,0.7917,0.8858,0.0061,0.8783,0.8934
XGB,FLOBAK,synergy_hsa,10.6748,1.2894,9.0741,12.2755,3.2612,0.1987,3.0145,3.5079,2.3662,0.05,2.3041,2.4284,0.6683,0.049,0.6074,0.7292,0.8207,0.0305,0.7828,0.8586
XGB,FLOBAK,synergy_loewe,22.7149,1.7409,20.5536,24.8761,4.7626,0.1805,4.5386,4.9866,3.5222,0.0748,3.4293,3.6151,0.5756,0.0629,0.4976,0.6537,0.7638,0.0404,0.7136,0.8139
XGB,FLOBAK,synergy_zip,7.3283,0.6376,6.5367,8.1199,2.7046,0.1162,2.5603,2.8489,1.8992,0.0739,1.8075,1.9908,0.7345,0.0146,0.7163,0.7526,0.8593,0.0093,0.8477,0.8708
XGB,FORCINA,synergy_bliss,271.9401,27.6732,237.5848,306.2953,16.4696,0.8318,15.4369,17.5023,12.6105,0.4211,12.0877,13.1332,-0.0703,0.0308,-0.1086,-0.032,0.185,0.0567,0.1147,0.2553
XGB,FORCINA,synergy_hsa,198.2332,36.2429,153.239,243.2274,14.0201,1.2927,12.4152,15.6249,10.1278,0.8346,9.0917,11.1639,0.0232,0.0447,-0.0322,0.0787,0.3151,0.0664,0.2326,0.3975
XGB,FORCINA,synergy_loewe,200.694,34.9969,157.2466,244.1415,14.112,1.2432,12.5687,15.6553,10.2185,0.7482,9.2897,11.1474,0.0097,0.0486,-0.0507,0.0701,0.304,0.068,0.2196,0.3885
XGB,FORCINA,synergy_zip,271.9401,27.6732,237.5848,306.2953,16.4696,0.8318,15.4369,17.5023,12.6105,0.4211,12.0877,13.1332,-0.0703,0.0308,-0.1086,-0.032,0.185,0.0567,0.1147,0.2553
XGB,FRIEDMAN,synergy_bliss,255.3839,6.7713,246.9776,263.7903,15.9793,0.2128,15.7152,16.2435,11.3306,0.1297,11.1695,11.4916,0.829,0.0035,0.8246,0.8334,0.926,0.0018,0.9238,0.9282
XGB,FRIEDMAN,synergy_hsa,124.0082,2.3075,121.1435,126.8729,11.1354,0.1037,11.0067,11.2641,8.332,0.0395,8.283,8.381,0.6773,0.0028,0.6739,0.6808,0.8331,0.002,0.8306,0.8356
XGB,FRIEDMAN,synergy_loewe,129.9428,2.1956,127.2171,132.6686,11.3988,0.0964,11.2791,11.5186,8.5566,0.0509,8.4935,8.6198,0.4525,0.0037,0.4479,0.4571,0.6798,0.0028,0.6763,0.6833
XGB,FRIEDMAN,synergy_zip,79.1047,1.6149,77.0999,81.1096,8.8936,0.0908,8.7809,9.0064,6.5422,0.0429,6.4889,6.5955,0.7918,0.0024,0.7889,0.7948,0.9043,0.0016,0.9022,0.9063
XGB,NCATS_2D_3D,synergy_bliss,8.7709,5.1887,2.3293,15.2125,2.7109,1.1924,1.2306,4.1912,1.7243,0.8962,0.6117,2.8369,-1.0937,2.4581,-4.1454,1.9579,0.5526,0.3903,0.0681,1.0371
XGB,NCATS_2D_3D,synergy_hsa,10.6809,7.6935,1.1297,20.2321,2.9329,1.4419,1.1428,4.723,1.7728,0.9448,0.5998,2.9457,-0.2431,0.6031,-0.9918,0.5056,-0.0432,0.7391,-0.9607,0.8744
XGB,NCATS_2D_3D,synergy_loewe,28.7339,18.2914,6.0258,51.442,4.9114,2.1476,2.2451,7.5776,3.0499,1.384,1.3318,4.7681,-1.2585,1.912,-3.6322,1.1152,0.4179,0.487,-0.1867,1.0224
XGB,NCATS_2D_3D,synergy_zip,6.6297,6.3305,-1.2294,14.4889,2.2826,1.1915,0.8033,3.7618,1.5836,1.117,0.1969,2.9703,-6.4292,13.495,-23.1827,10.3243,0.8043,0.2312,0.5173,1.0913
XGB,NCATS_ES(FAKI_AURKI),synergy_bliss,24.2242,4.62,18.4885,29.9598,4.9013,0.4483,4.3447,5.4579,3.7373,0.1886,3.5032,3.9714,-0.1099,0.0718,-0.199,-0.0208,0.1223,0.0697,0.0358,0.2089
XGB,NCATS_ES(FAKI_AURKI),synergy_hsa,14.5698,4.1921,9.3654,19.7742,3.7834,0.506,3.1552,4.4115,2.7074,0.1917,2.4693,2.9454,-0.2062,0.091,-0.3192,-0.0933,0.0267,0.0656,-0.0548,0.1082
XGB,NCATS_ES(FAKI_AURKI),synergy_loewe,33.2928,1.2213,31.7765,34.809,5.769,0.1069,5.6363,5.9017,4.5216,0.1028,4.3939,4.6492,-0.058,0.0447,-0.1136,-0.0025,0.2046,0.0442,0.1496,0.2595
XGB,NCATS_ES(FAKI_AURKI),synergy_zip,14.77,1.8176,12.5135,17.0265,3.8363,0.2295,3.5514,4.1212,2.9818,0.1326,2.8172,3.1465,-0.0741,0.0476,-0.1332,-0.015,0.1641,0.0616,0.0876,0.2405
XGB,NCATS_ES(NAMPT+PARP),synergy_bliss,148.3169,9.0801,137.0443,159.5895,12.173,0.3685,11.7155,12.6304,8.4416,0.1367,8.272,8.6113,0.1404,0.0562,0.0706,0.2101,0.4314,0.0401,0.3817,0.4812
XGB,NCATS_ES(NAMPT+PARP),synergy_hsa,71.0458,9.7478,58.9442,83.1474,8.4085,0.5856,7.6815,9.1355,5.5933,0.2142,5.3275,5.8592,0.0999,0.0652,0.019,0.1809,0.4027,0.0421,0.3505,0.4549
XGB,NCATS_ES(NAMPT+PARP),synergy_loewe,150.8734,15.0938,132.135,169.6118,12.2676,0.6165,11.5022,13.0329,8.4023,0.2757,8.06,8.7445,0.163,0.0421,0.1107,0.2153,0.4451,0.041,0.3941,0.496
XGB,NCATS_ES(NAMPT+PARP),synergy_zip,93.9525,5.7774,86.7801,101.125,9.6884,0.2964,9.3205,10.0563,6.9909,0.0558,6.9216,7.0602,0.2104,0.0283,0.1753,0.2455,0.4835,0.0245,0.453,0.5139
XGB,NCATS_HL,synergy_bliss,483.6011,116.5591,338.897,628.3052,21.8369,2.5984,18.6111,25.0627,13.0882,0.8177,12.073,14.1034,0.1882,0.1384,0.0163,0.36,0.5023,0.0896,0.391,0.6136
XGB,NCATS_HL,synergy_hsa,67.9904,7.7873,58.3228,77.658,8.232,0.4733,7.6444,8.8196,5.9087,0.1777,5.6881,6.1293,-0.0867,0.0468,-0.1448,-0.0286,0.2075,0.0448,0.1519,0.2631
XGB,NCATS_HL,synergy_loewe,203.0806,9.5619,191.2099,214.9513,14.2467,0.3345,13.8314,14.662,11.0461,0.2619,10.721,11.3712,0.0848,0.0529,0.0192,0.1505,0.3658,0.0394,0.3169,0.4148
XGB,NCATS_HL,synergy_zip,445.0955,110.0436,308.4802,581.7108,20.9408,2.5645,17.7571,24.1246,12.1019,0.6743,11.2648,12.939,0.2294,0.1377,0.0584,0.4003,0.5442,0.0816,0.4429,0.6455
XGB,ONEIL,synergy_bliss,22.479,0.997,21.2412,23.7168,4.74,0.1049,4.6098,4.8703,3.0276,0.0383,2.9801,3.0751,0.5466,0.0119,0.5318,0.5614,0.7398,0.0085,0.7293,0.7504
XGB,ONEIL,synergy_hsa,23.0219,1.0833,21.6771,24.3668,4.7968,0.1124,4.6573,4.9363,3.0656,0.0369,3.0198,3.1114,0.5383,0.0161,0.5183,0.5583,0.7342,0.0112,0.7202,0.7481
XGB,ONEIL,synergy_loewe,87.889,2.9084,84.2783,91.4997,9.3736,0.1547,9.1816,9.5657,6.1728,0.0745,6.0804,6.2653,0.6221,0.0176,0.6003,0.6439,0.7897,0.0118,0.775,0.8043
XGB,ONEIL,synergy_zip,13.0818,0.207,12.8248,13.3389,3.6168,0.0286,3.5812,3.6523,2.6279,0.016,2.608,2.6478,0.6134,0.0079,0.6036,0.6231,0.7842,0.0053,0.7776,0.7907
XGB,YOHE,synergy_bliss,49.8222,14.0766,32.3466,67.2978,6.984,1.0227,5.7144,8.2536,5.4371,0.735,4.5245,6.3496,0.1451,0.2825,-0.2056,0.4959,0.4997,0.1848,0.2703,0.7291
XGB,YOHE,synergy_hsa,26.1361,6.9675,17.4862,34.786,5.0596,0.7327,4.15,5.9692,3.7613,0.5389,3.0922,4.4304,0.1445,0.1611,-0.0554,0.3445,0.5192,0.1036,0.3906,0.6477
XGB,YOHE,synergy_loewe,56.4597,17.1753,35.1372,77.7823,7.4298,1.1215,6.0375,8.8221,5.1377,0.7508,4.2055,6.0698,-0.2317,0.4312,-0.7671,0.3036,0.3361,0.0737,0.2446,0.4276
XGB,YOHE,synergy_zip,44.574,10.6087,31.4037,57.7443,6.6276,0.8054,5.6278,7.6275,5.2883,0.5905,4.5552,6.0215,0.1265,0.2382,-0.1692,0.4222,0.4902,0.1605,0.291,0.6894
CGMS,ALMANAC,synergy_bliss,16.279,0.6922,15.4196,17.1383,4.0338,0.0857,3.9274,4.1402,2.8751,0.1025,2.7478,3.0023,0.5538,0.0188,0.5305,0.5771,0.745,0.0122,0.7299,0.7601
CGMS,ASTRAZENECA,synergy_bliss,107987.631,186556.4929,-123615.7145,339590.9765,208.2341,254.2168,-107.3672,523.8354,13.0551,5.071,6.7596,19.3505,-0.0292,0.0591,-0.1026,0.0443,0.1129,0.0642,0.0333,0.1926
CGMS,DYALL,synergy_bliss,31.1724,12.4226,15.7502,46.5946,5.4882,1.0258,4.2147,6.7616,4.307,0.8012,3.3123,5.3017,0.0314,0.0852,-0.0744,0.1373,0.2838,0.1062,0.152,0.4156
CGMS,FALLAHI-SICHANI,synergy_bliss,90.8091,56.5669,20.5833,161.0349,8.907,3.3873,4.7018,13.1123,7.2038,2.9906,3.4911,10.9165,-0.5015,0.9782,-1.7159,0.7129,0.4177,0.5957,-0.3218,1.1572
CGMS,FLOBAK,synergy_bliss,18.0444,2.3071,15.1803,20.9086,4.2393,0.2704,3.9036,4.5749,3.1526,0.1352,2.9848,3.3204,0.602,0.0216,0.5753,0.6288,0.7788,0.0146,0.7607,0.7969
CGMS,FORCINA,synergy_bliss,243.1,22.3536,215.3488,270.8512,15.5752,0.7174,14.6846,16.4657,11.935,0.1514,11.747,12.123,0.0426,0.0216,0.0158,0.0694,0.2244,0.0529,0.1587,0.2901
CGMS,FRIEDMAN,synergy_bliss,105.1067,11.3768,90.9828,119.2307,10.2376,0.5467,9.5588,10.9163,7.4224,0.4811,6.825,8.0197,0.9295,0.0083,0.9193,0.9398,0.9648,0.0045,0.9593,0.9704
CGMS,NCATS_2D_3D,synergy_bliss,11.2865,8.6398,0.5605,22.0126,3.0233,1.4651,1.2044,4.8421,2.2038,0.89,1.0989,3.3087,-1.0252,2.2494,-3.8177,1.7673,0.2398,0.7167,-0.65,1.1296
CGMS,NCATS_ES(FAKI_AURKI),synergy_bliss,21.8631,3.8273,17.1116,26.6145,4.6594,0.391,4.174,5.1448,3.4769,0.0681,3.3924,3.5614,-0.0023,0.0039,-0.0071,0.0025,0.0109,0.0409,-0.0399,0.0616
CGMS,NCATS_ES(NAMPT+PARP),synergy_bliss,146.4147,11.329,132.3502,160.4792,12.0913,0.4649,11.5141,12.6684,8.5489,0.2293,8.2642,8.8336,0.1538,0.0244,0.1235,0.1841,0.4048,0.0279,0.3701,0.4395
CGMS,NCATS_HL,synergy_bliss,457.7562,112.0604,318.6371,596.8753,21.2359,2.6066,17.9998,24.4719,12.3463,0.7471,11.4188,13.2737,0.2399,0.0887,0.1297,0.35,0.5013,0.0795,0.4026,0.6
CGMS,ONEIL,synergy_bliss,21.4925,2.1516,18.8214,24.1636,4.63,0.2367,4.3361,4.9238,2.9122,0.1976,2.6668,3.1575,0.5659,0.0465,0.5081,0.6236,0.7599,0.0269,0.7265,0.7932
CGMS,YOHE,synergy_bliss,66.5346,19.5229,42.2976,90.7716,8.0688,1.1953,6.5849,9.5528,6.3408,0.8299,5.3105,7.3712,-0.0581,0.0923,-0.1727,0.0564,0.0544,0.1115,-0.0841,0.1928
CGMS,ALMANAC,synergy_hsa,13.0745,0.1022,12.9477,13.2014,3.6158,0.0141,3.5983,3.6334,2.5664,0.0072,2.5574,2.5754,0.6148,0.0049,0.6087,0.6209,0.7842,0.0031,0.7804,0.7881
CGMS,ASTRAZENECA,synergy_hsa,77.1189,4.6289,71.3723,82.8655,8.7777,0.2676,8.4454,9.1099,5.4369,0.1083,5.3025,5.5714,0.1425,0.0654,0.0613,0.2236,0.3794,0.0859,0.2728,0.4861
CGMS,DYALL,synergy_hsa,17.2115,6.9761,8.5509,25.8721,4.0551,0.8761,2.9674,5.1428,3.0094,0.5717,2.2996,3.7191,-0.0022,0.0111,-0.016,0.0117,0.082,0.1848,-0.1474,0.3115
CGMS,FALLAHI-SICHANI,synergy_hsa,166.6449,87.8656,57.5628,275.727,12.4485,3.4177,8.2054,16.6915,9.5927,2.3585,6.6647,12.5207,-1.4165,2.6464,-4.7019,1.8689,0.7779,0.0832,0.6746,0.8812
CGMS,FLOBAK,synergy_hsa,15.4888,2.1834,12.7782,18.1994,3.9256,0.2803,3.5776,4.2736,2.8774,0.174,2.6614,3.0934,0.5222,0.0534,0.4559,0.5885,0.7269,0.0361,0.6821,0.7718
CGMS,FORCINA,synergy_hsa,179.4897,32.8103,138.7569,220.2226,13.3365,1.2756,11.7528,14.9202,9.5243,0.7627,8.5774,10.4711,0.1175,0.0333,0.0762,0.1588,0.3517,0.0493,0.2905,0.4128
CGMS,FRIEDMAN,synergy_hsa,90.2889,5.026,84.0493,96.5286,9.4983,0.2671,9.1667,9.8299,6.9734,0.1939,6.7327,7.2142,0.7652,0.0101,0.7526,0.7777,0.8761,0.0051,0.8697,0.8825
CGMS,NCATS_2D_3D,synergy_hsa,23.8033,15.1872,4.9489,42.6577,4.5595,1.7363,2.4039,6.715,3.1045,1.3391,1.442,4.7669,-1.7274,1.5269,-3.623,0.1682,0.1389,0.6442,-0.6608,0.9386
CGMS,NCATS_ES(FAKI_AURKI),synergy_hsa,12.1642,3.7725,7.4807,16.8476,3.4517,0.4999,2.8311,4.0723,2.3962,0.1264,2.2393,2.5531,0.0016,0.008,-0.0083,0.0115,0.1045,0.05,0.0424,0.1667
CGMS,NCATS_ES(NAMPT+PARP),synergy_hsa,67.2351,10.8768,53.732,80.7382,8.1727,0.6647,7.3475,8.9979,5.4154,0.206,5.1596,5.6712,0.1531,0.0182,0.1305,0.1757,0.3998,0.023,0.3713,0.4283
CGMS,NCATS_HL,synergy_hsa,59.6385,9.1278,48.3067,70.9703,7.6999,0.5921,6.9647,8.435,5.4578,0.2069,5.201,5.7146,0.0516,0.0445,-0.0037,0.1068,0.2411,0.0783,0.1439,0.3382
CGMS,ONEIL,synergy_hsa,20.2754,1.6797,18.1901,22.3607,4.4989,0.1875,4.2662,4.7317,2.8574,0.0741,2.7654,2.9494,0.5934,0.0312,0.5547,0.6322,0.7773,0.0177,0.7554,0.7992
CGMS,YOHE,synergy_hsa,35.0185,4.7209,29.1576,40.8794,5.9032,0.4138,5.3894,6.4169,4.5718,0.5559,3.8816,5.262,-0.1869,0.2475,-0.4941,0.1204,0.2545,0.2365,-0.0391,0.5481
CGMS,ALMANAC,synergy_loewe,79.4378,2.7087,76.075,82.8006,8.9115,0.1527,8.7219,9.1011,5.5772,0.0962,5.4579,5.6966,0.6246,0.0094,0.6129,0.6362,0.791,0.0061,0.7834,0.7986
CGMS,ASTRAZENECA,synergy_loewe,828.0754,758.814,-113.9656,1770.1164,25.903,12.5343,10.3421,41.4639,9.0284,0.2355,8.7359,9.3208,0.0468,0.0812,-0.0541,0.1476,0.2268,0.1786,0.005,0.4485
CGMS,DYALL,synergy_loewe,213.1094,118.2174,66.3467,359.8721,13.7998,4.7619,7.8881,19.7115,10.6417,3.5991,6.1735,15.1099,0.0875,0.1628,-0.1146,0.2896,0.3368,0.2721,-0.001,0.6746
CGMS,FALLAHI-SICHANI,synergy_loewe,110.0505,71.3051,21.5277,198.5733,9.9353,3.3676,5.7545,14.116,8.0793,1.8009,5.8435,10.3151,0.3214,0.4255,-0.2069,0.8496,0.851,0.0839,0.7468,0.9551
CGMS,FLOBAK,synergy_loewe,38.4855,10.2763,25.7278,51.2432,6.1486,0.8251,5.1242,7.1729,4.552,0.5761,3.8368,5.2672,0.2886,0.1894,0.0534,0.5237,0.4858,0.2668,0.1546,0.817
CGMS,FORCINA,synergy_loewe,181.26,34.0868,138.9424,223.5775,13.3996,1.3076,11.7762,15.023,9.5967,0.6961,8.7326,10.4609,0.1098,0.0249,0.0789,0.1407,0.3437,0.0363,0.2985,0.3888
CGMS,FRIEDMAN,synergy_loewe,134.3519,31.4352,95.3263,173.3775,11.5222,1.2615,9.9561,13.0882,8.5954,0.9878,7.369,9.8217,0.4351,0.1253,0.2795,0.5906,0.6539,0.1096,0.5178,0.7899
CGMS,NCATS_2D_3D,synergy_loewe,37.804,24.9313,6.8527,68.7553,5.5656,2.613,2.3216,8.8096,3.5644,1.5929,1.5869,5.542,-1.2983,1.3888,-3.0224,0.4258,-0.1082,0.6653,-0.9341,0.7177
CGMS,NCATS_ES(FAKI_AURKI),synergy_loewe,30.5842,1.5065,28.7139,32.4545,5.5286,0.1361,5.3597,5.6975,4.5174,0.0691,4.4316,4.6032,0.0292,0.0196,0.0048,0.0536,0.1944,0.0451,0.1384,0.2503
CGMS,NCATS_ES(NAMPT+PARP),synergy_loewe,145.2653,16.3733,124.9384,165.5922,12.0335,0.6782,11.1915,12.8755,8.2987,0.319,7.9028,8.6947,0.1949,0.0459,0.1379,0.2519,0.4404,0.054,0.3734,0.5074
CGMS,NCATS_HL,synergy_loewe,198.9008,11.7158,184.356,213.4455,14.0971,0.4138,13.5834,14.6109,11.0577,0.3587,10.6125,11.503,0.1055,0.0232,0.0767,0.1342,0.336,0.0333,0.2946,0.3774
CGMS,ONEIL,synergy_loewe,58.9528,2.1999,56.2217,61.6839,7.6767,0.1443,7.4975,7.8559,4.9444,0.0815,4.8432,5.0456,0.7465,0.0125,0.731,0.762,0.8648,0.0077,0.8553,0.8744
CGMS,YOHE,synergy_loewe,47.9212,10.6605,34.6866,61.1558,6.8827,0.741,5.9629,7.8026,4.9637,0.2888,4.6052,5.3222,-0.0235,0.1143,-0.1653,0.1184,0.2075,0.1682,-0.0013,0.4162
CGMS,ALMANAC,synergy_zip,12.1401,0.208,11.8818,12.3983,3.4841,0.0299,3.447,3.5213,2.4535,0.0183,2.4308,2.4762,0.5642,0.0092,0.5528,0.5756,0.7512,0.006,0.7437,0.7588
CGMS,ASTRAZENECA,synergy_zip,41706.5617,72836.1701,-48716.9899,132130.1132,131.246,156.4642,-62.9989,325.4908,9.7124,3.4656,5.41,14.0148,-0.012,0.0282,-0.0469,0.023,0.1107,0.0572,0.0397,0.1817
CGMS,DYALL,synergy_zip,20.9836,7.674,11.4566,30.5105,4.5021,0.8456,3.4522,5.5519,3.4535,0.7109,2.5709,4.3361,0.1168,0.2081,-0.1415,0.3751,0.4274,0.2208,0.1533,0.7015
CGMS,FALLAHI-SICHANI,synergy_zip,78.4466,80.0879,-20.9797,177.8729,7.6332,4.4922,2.0563,13.2102,6.1423,3.8602,1.3499,10.9347,-0.0901,0.4539,-0.6535,0.4734,0.5131,0.2974,0.144,0.8823
CGMS,FLOBAK,synergy_zip,11.0369,1.9065,8.67,13.4037,3.308,0.307,2.9269,3.6891,2.4591,0.2601,2.1362,2.782,0.5981,0.0775,0.5019,0.6943,0.776,0.0491,0.7151,0.837
CGMS,FORCINA,synergy_zip,241.8448,20.9058,215.891,267.7986,15.5368,0.6726,14.7018,16.3718,11.9434,0.1899,11.7077,12.1792,0.0472,0.0169,0.0262,0.0681,0.2288,0.0494,0.1674,0.2901
CGMS,FRIEDMAN,synergy_zip,55.5689,0.9947,54.334,56.8037,7.4542,0.0671,7.3708,7.5375,5.3566,0.0216,5.3298,5.3834,0.8537,0.0034,0.8495,0.858,0.9247,0.0019,0.9223,0.9271
CGMS,NCATS_2D_3D,synergy_zip,7.4919,4.3968,2.0334,12.9504,2.6147,0.8093,1.61,3.6195,2.0964,0.5513,1.412,2.7808,-7.7338,16.0393,-27.646,12.1784,0.7735,0.2052,0.5187,1.0282
CGMS,NCATS_ES(FAKI_AURKI),synergy_zip,13.7885,1.2573,12.2276,15.3494,3.7095,0.1673,3.5018,3.9172,2.8612,0.0949,2.7434,2.9791,-0.0048,0.0058,-0.012,0.0024,-0.0012,0.041,-0.052,0.0497
CGMS,NCATS_ES(NAMPT+PARP),synergy_zip,99.1905,9.8547,86.9562,111.4247,9.9474,0.4905,9.3384,10.5563,7.3071,0.2183,7.0361,7.5781,0.1673,0.058,0.0953,0.2393,0.4189,0.0571,0.3481,0.4897
CGMS,NCATS_HL,synergy_zip,433.3442,106.8114,300.7415,565.9468,20.6713,2.4578,17.6201,23.7225,11.5682,0.8149,10.5565,12.58,0.2534,0.102,0.1268,0.38,0.5218,0.0795,0.4231,0.6204
CGMS,ONEIL,synergy_zip,14.7592,5.8993,7.4354,22.083,3.7788,0.6925,2.9191,4.6386,2.7701,0.5355,2.1053,3.4349,0.5643,0.1728,0.3498,0.7787,0.7419,0.1342,0.5752,0.9085
CGMS,YOHE,synergy_zip,59.0985,12.5454,43.5238,74.6732,7.6433,0.8237,6.6206,8.666,6.142,0.4306,5.6075,6.6766,-0.1093,0.0978,-0.2306,0.0121,-0.0004,0.1047,-0.1304,0.1296
DeepDDS,ALMANAC,synergy_bliss,26.4647,0.3535,26.0258,26.9037,5.1443,0.0343,5.1017,5.1869,3.672,0.0296,3.6352,3.7087,0.2836,0.012,0.2687,0.2985,0.5325,0.0111,0.5187,0.5463
DeepDDS,ASTRAZENECA,synergy_bliss,248676.5469,320993.5,-149889.5257,647242.6195,378.2411,363.3355,-72.8995,829.3818,17.253,9.625,5.302,29.2041,0.019,0.0392,-0.0297,0.0677,0.0766,0.1281,-0.0824,0.2356
DeepDDS,DYALL,synergy_bliss,29.4934,7.2151,20.5346,38.4521,5.3942,0.7037,4.5204,6.268,4.4296,0.6992,3.5614,5.2978,0.2418,0.1518,0.0533,0.4303,0.4702,0.1609,0.2705,0.6699
DeepDDS,FALLAHI-SICHANI,synergy_bliss,102.5389,49.9765,40.4849,164.593,9.7423,3.0877,5.9084,13.5761,8.1687,2.7411,4.7652,11.5723,0.4604,0.2501,0.1499,0.7709,0.425,0.5913,-0.3093,1.1592
DeepDDS,FLOBAK,synergy_bliss,9.9772,1.6301,7.9532,12.0013,3.1503,0.2567,2.8315,3.4691,2.2962,0.1579,2.1001,2.4923,0.7942,0.0225,0.7663,0.8221,0.8911,0.0126,0.8754,0.9067
DeepDDS,FORCINA,synergy_bliss,283.2558,26.4223,250.4482,316.0634,16.8152,0.7937,15.8297,17.8008,12.7304,0.177,12.5106,12.9502,0.008,0.006,0.0006,0.0154,0.0826,0.0371,0.0365,0.1286
DeepDDS,FRIEDMAN,synergy_bliss,1105.0769,278.2493,759.5848,1450.569,33.0283,4.2144,27.7954,38.2612,23.5971,3.3069,19.491,27.7032,0.3172,0.1758,0.0989,0.5355,0.5447,0.1607,0.3451,0.7442
DeepDDS,NCATS_2D_3D,synergy_bliss,12.2642,5.8392,5.0139,19.5145,3.3952,0.9596,2.2038,4.5867,2.047,0.6717,1.2129,2.8811,0.3022,0.3929,-0.1857,0.7901,0.2214,0.5628,-0.4774,0.9202
DeepDDS,NCATS_ES(FAKI_AURKI),synergy_bliss,23.6696,4.5283,18.0469,29.2923,4.8485,0.4501,4.2896,5.4073,3.6312,0.1618,3.4304,3.8321,0.0008,0.0018,-0.0014,0.003,-0.0008,0.0358,-0.0453,0.0436
DeepDDS,NCATS_ES(NAMPT+PARP),synergy_bliss,151.8997,13.3459,135.3286,168.4709,12.3156,0.5298,11.6578,12.9735,8.7361,0.376,8.2693,9.2029,0.204,0.0427,0.151,0.257,0.4497,0.0453,0.3935,0.506
DeepDDS,NCATS_HL,synergy_bliss,549.2196,115.0718,406.3391,692.1001,23.3283,2.5028,20.2206,26.4359,13.9624,0.8422,12.9167,15.0081,0.2648,0.0849,0.1594,0.3702,0.5095,0.0829,0.4065,0.6125
DeepDDS,ONEIL,synergy_bliss,23.8955,3.1021,20.0438,27.7473,4.8797,0.3247,4.4765,5.2829,3.1287,0.1538,2.9378,3.3196,0.525,0.0504,0.4624,0.5876,0.724,0.0343,0.6814,0.7666
DeepDDS,YOHE,synergy_bliss,63.6505,18.5438,40.6253,86.6757,7.9133,1.1345,6.5047,9.322,6.069,0.6478,5.2647,6.8733,0.0852,0.0661,0.0031,0.1673,0.2677,0.1312,0.1047,0.4306
DeepDDS,ALMANAC,synergy_hsa,23.8945,0.3367,23.4764,24.3125,4.8881,0.0344,4.8453,4.9309,3.4191,0.0252,3.3879,3.4504,0.3014,0.0027,0.298,0.3048,0.5492,0.0027,0.5459,0.5525
DeepDDS,ASTRAZENECA,synergy_hsa,80.4217,12.4985,64.9028,95.9405,8.9478,0.669,8.1172,9.7785,5.5186,0.2052,5.2638,5.7734,0.1914,0.0771,0.0957,0.2871,0.4296,0.0921,0.3153,0.544
DeepDDS,DYALL,synergy_hsa,20.9333,5.7664,13.7734,28.0933,4.5327,0.6965,3.6679,5.3975,3.5009,0.4674,2.9205,4.0814,0.0936,0.0699,0.0068,0.1804,0.1574,0.2931,-0.2065,0.5213
DeepDDS,FALLAHI-SICHANI,synergy_hsa,80.1599,14.5891,62.0451,98.2748,8.9234,0.8156,7.9107,9.9361,7.5001,0.9617,6.306,8.6942,0.7156,0.1739,0.4997,0.9315,0.84,0.1116,0.7014,0.9786
DeepDDS,FLOBAK,synergy_hsa,9.4462,1.241,7.9053,10.9871,3.0678,0.2086,2.8087,3.3269,2.1993,0.1497,2.0134,2.3853,0.7202,0.0221,0.6927,0.7477,0.8486,0.0129,0.8326,0.8647
DeepDDS,FORCINA,synergy_hsa,218.2752,42.3417,165.701,270.8494,14.7158,1.4663,12.8952,16.5365,10.3737,0.8691,9.2945,11.4528,0.0234,0.0217,-0.0035,0.0503,0.1383,0.0724,0.0484,0.2281
DeepDDS,FRIEDMAN,synergy_hsa,338.1971,64.044,258.6759,417.7182,18.3208,1.7834,16.1064,20.5353,14.3304,1.5142,12.4503,16.2105,0.1706,0.1286,0.011,0.3302,0.3898,0.1526,0.2004,0.5792
DeepDDS,NCATS_2D_3D,synergy_hsa,14.9589,13.4028,-1.6829,31.6006,3.5091,1.8184,1.2512,5.767,2.426,1.3161,0.7918,4.0602,0.4518,0.4894,-0.1559,1.0595,0.085,0.7455,-0.8406,1.0106
DeepDDS,NCATS_ES(FAKI_AURKI),synergy_hsa,15.813,2.8095,12.3245,19.3015,3.9641,0.3514,3.5278,4.4004,2.8287,0.1768,2.6092,3.0482,0.0058,0.0058,-0.0014,0.013,0.0663,0.0438,0.0119,0.1207
DeepDDS,NCATS_ES(NAMPT+PARP),synergy_hsa,81.2758,14.0998,63.7685,98.783,8.9888,0.7719,8.0304,9.9473,6.1445,0.4828,5.545,6.7439,0.1126,0.029,0.0765,0.1487,0.333,0.0431,0.2795,0.3866
DeepDDS,NCATS_HL,synergy_hsa,73.8467,13.4523,57.1435,90.55,8.5659,0.7679,7.6124,9.5194,6.2069,0.3658,5.7526,6.6611,0.0482,0.0282,0.0132,0.0832,0.2123,0.0627,0.1344,0.2902
DeepDDS,ONEIL,synergy_hsa,28.9313,2.7002,25.5786,32.284,5.3742,0.2491,5.0649,5.6835,3.5426,0.1431,3.3649,3.7204,0.4262,0.0482,0.3663,0.4861,0.652,0.0374,0.6056,0.6984
DeepDDS,YOHE,synergy_hsa,27.529,5.5972,20.5791,34.4789,5.2246,0.5392,4.5551,5.8941,3.9879,0.3189,3.5919,4.3839,0.1782,0.0805,0.0782,0.2782,0.4133,0.0956,0.2946,0.532
DeepDDS,ALMANAC,synergy_loewe,144.7736,6.0351,137.28,152.2672,12.0301,0.2482,11.722,12.3383,7.742,0.176,7.5234,7.9605,0.3364,0.0179,0.3142,0.3586,0.5798,0.0154,0.5607,0.599
DeepDDS,ASTRAZENECA,synergy_loewe,860.7785,766.6754,-91.1747,1812.7317,27.1139,12.5308,11.5549,42.6729,9.1368,0.4316,8.601,9.6727,0.0692,0.0458,0.0123,0.1261,0.251,0.0893,0.1402,0.3619
DeepDDS,DYALL,synergy_loewe,208.9847,133.5838,43.1184,374.8509,13.8809,4.5146,8.2753,19.4865,10.4609,2.9887,6.75,14.1718,0.2368,0.2161,-0.0315,0.5051,0.4339,0.2466,0.1276,0.7401
DeepDDS,FALLAHI-SICHANI,synergy_loewe,106.5154,47.7921,47.1737,165.8571,10.0366,2.6886,6.6982,13.3749,8.5952,2.851,5.0553,12.1352,0.6636,0.1736,0.448,0.8792,0.8093,0.1043,0.6798,0.9388
DeepDDS,FLOBAK,synergy_loewe,21.5934,2.6071,18.3562,24.8306,4.64,0.2821,4.2897,4.9903,3.3399,0.2071,3.0827,3.5971,0.62,0.047,0.5616,0.6784,0.787,0.0293,0.7506,0.8234
DeepDDS,FORCINA,synergy_loewe,213.5864,39.0955,165.0429,262.1299,14.5627,1.3752,12.8551,16.2703,10.2119,0.7547,9.2747,11.149,0.0422,0.0214,0.0156,0.0688,0.1993,0.0572,0.1283,0.2703
DeepDDS,FRIEDMAN,synergy_loewe,251.5535,44.4314,196.3846,306.7223,15.812,1.3842,14.0934,17.5307,11.9289,1.022,10.6599,13.1979,0.108,0.0397,0.0587,0.1573,0.3224,0.0703,0.2351,0.4097
DeepDDS,NCATS_2D_3D,synergy_loewe,32.3914,20.7076,6.6795,58.1033,5.4251,1.9234,3.0369,7.8133,3.7348,1.6352,1.7044,5.7652,0.5572,0.5013,-0.0652,1.1796,0.1842,0.8086,-0.8198,1.1882
DeepDDS,NCATS_ES(FAKI_AURKI),synergy_loewe,35.7821,1.4086,34.0331,37.5312,5.9809,0.1181,5.8343,6.1275,4.7172,0.0864,4.61,4.8245,0.023,0.0179,0.0008,0.0452,0.1373,0.0734,0.0461,0.2285
DeepDDS,NCATS_ES(NAMPT+PARP),synergy_loewe,152.4241,19.1163,128.6881,176.1601,12.3269,0.7669,11.3748,13.2791,8.5078,0.4904,7.8989,9.1167,0.1938,0.0523,0.1289,0.2587,0.4367,0.0646,0.3565,0.5169
DeepDDS,NCATS_HL,synergy_loewe,231.0336,15.8697,211.3287,250.7385,15.1925,0.5259,14.5396,15.8454,11.7853,0.3716,11.3239,12.2466,0.0868,0.0272,0.053,0.1206,0.292,0.0472,0.2335,0.3506
DeepDDS,ONEIL,synergy_loewe,122.3224,12.6004,106.677,137.9679,11.048,0.5754,10.3336,11.7624,7.1492,0.5046,6.5227,7.7757,0.4844,0.0656,0.403,0.5658,0.6946,0.0467,0.6367,0.7526
DeepDDS,YOHE,synergy_loewe,58.3097,15.0318,39.6452,76.9742,7.5851,0.985,6.3621,8.8081,5.685,0.4073,5.1793,6.1907,0.057,0.0506,-0.0059,0.1199,0.2086,0.1302,0.0469,0.3703
DeepDDS,ALMANAC,synergy_zip,18.5244,0.8279,17.4963,19.5524,4.3031,0.0963,4.1836,4.4226,3.1352,0.0731,3.0444,3.2259,0.3414,0.0279,0.3068,0.376,0.5838,0.0239,0.5541,0.6136
DeepDDS,ASTRAZENECA,synergy_zip,109974.0859,144753.1094,-69760.6386,289708.8105,254.0462,238.3134,-41.859,549.9513,13.9419,6.8321,5.4587,22.4251,0.0002,0.0004,-0.0004,0.0008,0.0043,0.017,-0.0168,0.0255
DeepDDS,DYALL,synergy_zip,21.1367,5.3669,14.4728,27.8006,4.5673,0.5878,3.8374,5.2972,3.5252,0.3916,3.039,4.0114,0.2152,0.1873,-0.0173,0.4477,0.4279,0.1996,0.1801,0.6757
DeepDDS,FALLAHI-SICHANI,synergy_zip,88.7388,45.7484,31.9346,145.5429,9.1847,2.34,6.2792,12.0901,7.9304,1.9746,5.4787,10.3821,0.404,0.2351,0.1121,0.6959,0.3104,0.6201,-0.4596,1.0805
DeepDDS,FLOBAK,synergy_zip,8.4211,2.2716,5.6005,11.2417,2.8795,0.4024,2.3799,3.3792,1.8613,0.1732,1.6462,2.0764,0.7226,0.0765,0.6276,0.8176,0.8491,0.0447,0.7936,0.9045
DeepDDS,FORCINA,synergy_zip,288.8828,47.5073,229.8947,347.8709,16.9514,1.3849,15.2317,18.671,12.963,0.7498,12.032,13.8941,0.0114,0.0117,-0.0031,0.0259,0.0923,0.0607,0.0169,0.1677
DeepDDS,FRIEDMAN,synergy_zip,402.6817,62.7393,324.7806,480.5828,20.0131,1.6428,17.9733,22.0529,14.224,1.197,12.7377,15.7103,0.1244,0.0908,0.0117,0.2371,0.3356,0.1207,0.1857,0.4855
DeepDDS,NCATS_2D_3D,synergy_zip,9.347,6.8353,0.8599,17.8341,2.894,1.102,1.5257,4.2624,2.0552,1.0764,0.7187,3.3918,0.6222,0.3615,0.1733,1.0711,0.7492,0.2761,0.4064,1.0921
DeepDDS,NCATS_ES(FAKI_AURKI),synergy_zip,16.875,4.077,11.8127,21.9373,4.0862,0.4717,3.5005,4.6719,3.208,0.3865,2.7281,3.6879,0.0114,0.0109,-0.0022,0.025,0.0928,0.0592,0.0193,0.1662
DeepDDS,NCATS_ES(NAMPT+PARP),synergy_zip,93.8053,13.5498,76.981,110.6296,9.6652,0.6983,8.7981,10.5322,7.1105,0.4421,6.5616,7.6594,0.2698,0.0585,0.1971,0.3425,0.5172,0.0558,0.4479,0.5865
DeepDDS,NCATS_HL,synergy_zip,540.6292,121.6141,389.6252,691.6331,23.1367,2.5795,19.9338,26.3395,14.1082,1.3739,12.4023,15.8142,0.301,0.0819,0.1993,0.4027,0.5442,0.0771,0.4485,0.6399
DeepDDS,ONEIL,synergy_zip,12.1085,0.5463,11.4302,12.7869,3.479,0.0781,3.3821,3.576,2.4992,0.0558,2.4299,2.5685,0.646,0.019,0.6225,0.6695,0.8036,0.0119,0.7888,0.8184
DeepDDS,YOHE,synergy_zip,60.0349,11.0409,46.3258,73.7439,7.7218,0.7146,6.8345,8.6091,5.9987,0.3673,5.5427,6.4548,0.0254,0.0476,-0.0337,0.0845,0.0958,0.1412,-0.0795,0.2711
JointSyn,ALMANAC,synergy_bliss,13.1305,0.1121,12.9914,13.2697,3.6236,0.0155,3.6044,3.6428,2.5899,0.0099,2.5777,2.6022,0.6401,0.0054,0.6334,0.6467,0.8001,0.0034,0.7959,0.8044
JointSyn,ALMANAC,synergy_hsa,10.6523,0.1125,10.5127,10.792,3.2638,0.0172,3.2423,3.2852,2.3471,0.0103,2.3343,2.3599,0.6862,0.0045,0.6805,0.6918,0.8287,0.0028,0.8253,0.8321
JointSyn,ALMANAC,synergy_loewe,67.6774,1.9015,65.3164,70.0383,8.226,0.1157,8.0823,8.3696,5.0474,0.0352,5.0037,5.0912,0.6801,0.0047,0.6743,0.6859,0.8255,0.0026,0.8222,0.8288
JointSyn,ALMANAC,synergy_zip,10.2686,0.1219,10.1173,10.4199,3.2044,0.0191,3.1808,3.2281,2.2577,0.0071,2.2489,2.2666,0.6314,0.0046,0.6257,0.6371,0.7948,0.0029,0.7911,0.7984
JointSyn,ASTRAZENECA,synergy_bliss,174905.1415,195101.9845,-67345.9687,417156.2517,330.397,286.6683,-25.5487,686.3427,16.1463,7.3232,7.0533,25.2392,-8.3311,15.0812,-27.0569,10.3946,0.0621,0.1149,-0.0805,0.2047
JointSyn,ASTRAZENECA,synergy_hsa,75.3366,13.1334,59.0293,91.6439,8.6535,0.7526,7.719,9.588,4.9794,0.0959,4.8604,5.0985,0.1662,0.1237,0.0126,0.3199,0.5113,0.0726,0.4212,0.6015
JointSyn,ASTRAZENECA,synergy_loewe,774.0774,741.1404,-146.17,1694.3248,25.1638,13.2693,8.6878,41.6398,8.6595,0.8913,7.5529,9.7662,0.0912,0.1374,-0.0794,0.2619,0.438,0.1815,0.2126,0.6633
JointSyn,ASTRAZENECA,synergy_zip,41557.2699,81610.4208,-59775.4515,142889.9913,130.5436,175.0559,-86.817,347.9041,9.8713,4.039,4.8562,14.8863,0.0093,0.0129,-0.0068,0.0253,0.138,0.0277,0.1036,0.1724
JointSyn,DYALL,synergy_bliss,32.9838,11.5192,18.6808,47.2868,5.6791,0.9562,4.4918,6.8664,4.3022,0.4994,3.6822,4.9223,-0.0462,0.085,-0.1518,0.0593,0.3876,0.2045,0.1336,0.6415
JointSyn,DYALL,synergy_hsa,21.1027,9.0133,9.9113,32.2942,4.5089,0.9829,3.2885,5.7293,3.4125,0.6966,2.5476,4.2774,-0.272,0.2428,-0.5735,0.0295,0.1316,0.2206,-0.1423,0.4055
JointSyn,DYALL,synergy_loewe,299.7876,132.6527,135.0776,464.4976,16.7677,4.8259,10.7756,22.7598,11.6108,3.6265,7.1079,16.1137,-0.7116,1.3931,-2.4413,1.0182,0.4343,0.0878,0.3253,0.5434
JointSyn,DYALL,synergy_zip,26.7255,6.4085,18.7683,34.6827,5.135,0.6687,4.3047,5.9652,3.955,0.6663,3.1278,4.7823,-0.1487,0.1717,-0.3619,0.0645,0.4619,0.115,0.319,0.6047
JointSyn,FALLAHI-SICHANI,synergy_bliss,75.3641,67.4108,-8.3375,159.0657,7.7665,4.3368,2.3816,13.1513,6.1556,3.9813,1.2122,11.099,-0.0082,0.7662,-0.9596,0.9433,0.6561,0.2363,0.3627,0.9495
JointSyn,FALLAHI-SICHANI,synergy_hsa,70.7582,66.1638,-11.3951,152.9114,7.6139,3.9979,2.6499,12.5779,6.3851,3.7169,1.77,11.0003,0.4339,0.3806,-0.0387,0.9066,0.6344,0.5537,-0.053,1.3219
JointSyn,FALLAHI-SICHANI,synergy_loewe,148.4425,49.0792,87.5027,209.3823,12.0509,2.0058,9.5604,14.5414,9.8401,1.0951,8.4804,11.1999,-0.0386,0.7562,-0.9775,0.9004,0.8066,0.1351,0.6389,0.9743
JointSyn,FALLAHI-SICHANI,synergy_zip,85.4369,67.6043,1.495,169.3788,8.4785,4.1159,3.3679,13.589,6.6854,3.6209,2.1894,11.1814,-1.0372,2.089,-3.6311,1.5566,0.3113,0.632,-0.4734,1.0961
JointSyn,FLOBAK,synergy_bliss,9.5786,2.099,6.9724,12.1848,3.0801,0.3382,2.6602,3.5,2.2465,0.171,2.0342,2.4588,0.7889,0.035,0.7454,0.8323,0.8936,0.0201,0.8687,0.9185
JointSyn,FLOBAK,synergy_hsa,9.8335,1.3522,8.1545,11.5125,3.13,0.2147,2.8633,3.3966,2.2764,0.1007,2.1513,2.4014,0.6967,0.0265,0.6638,0.7297,0.8376,0.0165,0.8171,0.8581
JointSyn,FLOBAK,synergy_loewe,14.9621,1.1691,13.5105,16.4137,3.8658,0.1502,3.6793,4.0523,2.8433,0.0468,2.7852,2.9015,0.7223,0.0257,0.6904,0.7541,0.8637,0.0157,0.8442,0.8832
JointSyn,FLOBAK,synergy_zip,6.8384,1.628,4.8169,8.8598,2.5991,0.322,2.1994,2.9989,1.7623,0.1464,1.5805,1.9441,0.7524,0.0541,0.6852,0.8195,0.8686,0.032,0.8289,0.9083
JointSyn,FORCINA,synergy_bliss,267.8719,44.6564,212.4236,323.3202,16.3197,1.3866,14.5981,18.0414,12.5698,0.7944,11.5835,13.5561,-0.0528,0.1257,-0.2089,0.1033,0.2178,0.0621,0.1407,0.2949
JointSyn,FORCINA,synergy_hsa,194.4348,46.1998,137.0701,251.7994,13.8647,1.6603,11.8031,15.9262,10.0285,1.211,8.5248,11.5321,0.0461,0.0771,-0.0497,0.1418,0.3391,0.0628,0.2611,0.4171
JointSyn,FORCINA,synergy_loewe,201.5384,48.611,141.1798,261.897,14.1097,1.7518,11.9346,16.2848,10.0814,1.182,8.6138,11.549,0.0134,0.0785,-0.0841,0.1108,0.311,0.0711,0.2228,0.3993
JointSyn,FORCINA,synergy_zip,275.5911,55.3237,206.8977,344.2846,16.5333,1.6741,14.4546,18.612,12.7489,0.9948,11.5136,13.9841,-0.0805,0.1524,-0.2698,0.1088,0.2141,0.0681,0.1295,0.2987
JointSyn,FRIEDMAN,synergy_bliss,85.1453,2.4219,82.1381,88.1524,9.2267,0.1314,9.0635,9.3899,6.6832,0.0395,6.6342,6.7323,0.943,0.0016,0.941,0.9449,0.9713,0.0008,0.9703,0.9724
JointSyn,FRIEDMAN,synergy_hsa,85.785,2.5206,82.6553,88.9147,9.2612,0.1361,9.0922,9.4302,6.7259,0.0525,6.6607,6.791,0.7768,0.0036,0.7723,0.7813,0.8825,0.0024,0.8795,0.8854
JointSyn,FRIEDMAN,synergy_loewe,109.6563,1.9853,107.1912,112.1214,10.4713,0.0949,10.3535,10.5892,7.6983,0.0654,7.6172,7.7794,0.538,0.0031,0.5341,0.5418,0.735,0.0022,0.7323,0.7377
JointSyn,FRIEDMAN,synergy_zip,48.9806,1.6966,46.8741,51.0872,6.9978,0.1206,6.8481,7.1475,5.0234,0.0359,4.9787,5.068,0.8711,0.0044,0.8656,0.8766,0.9351,0.0017,0.933,0.9373
JointSyn,NCATS_2D_3D,synergy_bliss,14.5641,9.2359,3.0962,26.032,3.5698,1.5085,1.6968,5.4429,2.8417,1.3614,1.1512,4.5321,-1.5356,2.126,-4.1753,1.1042,-0.0846,0.7058,-0.961,0.7918
JointSyn,NCATS_2D_3D,synergy_hsa,22.8742,17.3206,1.3678,44.3806,4.5674,1.5864,2.5976,6.5371,3.5524,1.5546,1.6221,5.4827,-6.0902,12.5088,-21.6219,9.4416,0.2616,0.8012,-0.7332,1.2564
JointSyn,NCATS_2D_3D,synergy_loewe,31.7143,16.4374,11.3046,52.124,5.4713,1.4913,3.6195,7.323,4.1157,0.7613,3.1704,5.0611,-21.0568,46.8075,-79.1759,37.0624,0.2378,0.7753,-0.7249,1.2005
JointSyn,NCATS_2D_3D,synergy_zip,12.04,4.6846,6.2233,17.8567,3.4186,0.6647,2.5932,4.2439,3.1028,0.9089,1.9742,4.2313,-19.5053,43.2619,-73.2221,34.2115,0.7785,0.2414,0.4788,1.0783
JointSyn,NCATS_ES(FAKI_AURKI),synergy_bliss,22.0216,4.0932,16.9392,27.1041,4.6779,0.4169,4.1603,5.1955,3.4896,0.0731,3.3988,3.5803,-0.011,0.014,-0.0284,0.0064,0.06,0.0473,0.0012,0.1187
JointSyn,NCATS_ES(FAKI_AURKI),synergy_hsa,12.2095,4.1559,7.0492,17.3698,3.4593,0.5507,2.7756,4.1431,2.4005,0.1257,2.2445,2.5566,-0.0034,0.003,-0.0072,0.0004,0.0045,0.0557,-0.0647,0.0737
JointSyn,NCATS_ES(FAKI_AURKI),synergy_loewe,31.7961,1.0183,30.5317,33.0605,5.6382,0.0907,5.5256,5.7508,4.5998,0.1303,4.438,4.7616,-0.0108,0.0492,-0.0719,0.0503,0.2319,0.0341,0.1896,0.2741
JointSyn,NCATS_ES(FAKI_AURKI),synergy_zip,14.3362,2.1182,11.7061,16.9663,3.7785,0.2713,3.4416,4.1154,2.914,0.1843,2.6852,3.1428,-0.0415,0.0517,-0.1057,0.0228,0.107,0.0565,0.0369,0.1771
JointSyn,NCATS_ES(NAMPT+PARP),synergy_bliss,125.8604,16.6091,105.2375,146.4833,11.1996,0.7332,10.2892,12.1099,7.6543,0.2932,7.2902,8.0184,0.2751,0.0343,0.2325,0.3177,0.5441,0.0329,0.5032,0.585
JointSyn,NCATS_ES(NAMPT+PARP),synergy_hsa,64.146,8.4812,53.6152,74.6768,7.9946,0.5385,7.3259,8.6633,5.2998,0.2363,5.0064,5.5932,0.1852,0.0693,0.0992,0.2712,0.453,0.0479,0.3935,0.5125
JointSyn,NCATS_ES(NAMPT+PARP),synergy_loewe,138.444,9.0425,127.2163,149.6717,11.7613,0.3795,11.2902,12.2325,7.9728,0.3308,7.5621,8.3835,0.2296,0.0368,0.1839,0.2753,0.5118,0.0239,0.4821,0.5415
JointSyn,NCATS_ES(NAMPT+PARP),synergy_zip,80.1328,10.9827,66.496,93.7696,8.9354,0.6034,8.1862,9.6846,6.4865,0.2925,6.1234,6.8497,0.3281,0.065,0.2474,0.4088,0.6129,0.0364,0.5678,0.6581
JointSyn,NCATS_HL,synergy_bliss,436.9959,130.8253,274.5548,599.4369,20.7208,3.0909,16.883,24.5587,11.9201,0.8295,10.8902,12.95,0.2802,0.0673,0.1967,0.3637,0.545,0.0646,0.4648,0.6252
JointSyn,NCATS_HL,synergy_hsa,68.867,11.662,54.3867,83.3473,8.2736,0.7196,7.3801,9.1671,5.9544,0.4427,5.4047,6.5042,-0.0984,0.1168,-0.2434,0.0466,0.2142,0.0765,0.1192,0.3092
JointSyn,NCATS_HL,synergy_loewe,200.0503,18.4535,177.1372,222.9633,14.1321,0.6472,13.3284,14.9357,10.9716,0.4709,10.3869,11.5562,0.0989,0.0832,-0.0044,0.2021,0.393,0.0586,0.3202,0.4657
JointSyn,NCATS_HL,synergy_zip,395.2335,126.2888,238.4252,552.0418,19.6876,3.0888,15.8524,23.5228,11.0721,0.988,9.8453,12.2989,0.329,0.0781,0.232,0.426,0.5865,0.072,0.4971,0.6758
JointSyn,ONEIL,synergy_bliss,17.7622,1.0994,16.3971,19.1272,4.2129,0.1308,4.0505,4.3753,2.6671,0.042,2.6149,2.7193,0.6417,0.0172,0.6204,0.6631,0.8042,0.0103,0.7915,0.8169
JointSyn,ONEIL,synergy_hsa,19.3103,0.9014,18.191,20.4296,4.3934,0.1036,4.2647,4.5221,2.7617,0.0558,2.6925,2.831,0.6127,0.0133,0.5962,0.6293,0.7886,0.0078,0.7789,0.7983
JointSyn,ONEIL,synergy_loewe,48.2417,1.6893,46.1441,50.3393,6.9448,0.1218,6.7936,7.096,4.4185,0.0551,4.3501,4.4868,0.7926,0.011,0.7789,0.8062,0.8939,0.0074,0.8847,0.9032
JointSyn,ONEIL,synergy_zip,10.6604,0.3917,10.174,11.1468,3.2646,0.06,3.1901,3.339,2.3142,0.0462,2.2569,2.3716,0.6849,0.0132,0.6686,0.7012,0.8314,0.0073,0.8223,0.8404
JointSyn,YOHE,synergy_bliss,79.5745,13.8593,62.3659,96.7831,8.8928,0.7846,7.9185,9.8671,7.0534,0.9699,5.8491,8.2577,-0.3322,0.328,-0.7395,0.0751,0.2041,0.1652,-0.0011,0.4092
JointSyn,YOHE,synergy_hsa,26.9784,6.8003,18.5348,35.422,5.1624,0.6406,4.3669,5.9578,3.7853,0.407,3.2799,4.2906,0.1063,0.1383,-0.0654,0.2779,0.406,0.1169,0.2608,0.5511
JointSyn,YOHE,synergy_loewe,44.7863,11.103,31.0001,58.5725,6.6532,0.8068,5.6514,7.6551,4.9309,0.3445,4.5031,5.3587,0.0419,0.1394,-0.1312,0.215,0.3868,0.1527,0.1972,0.5764
JointSyn,YOHE,synergy_zip,74.6415,7.6969,65.0845,84.1985,8.6305,0.4407,8.0833,9.1778,6.9556,0.6453,6.1544,7.7568,-0.4831,0.4662,-1.062,0.0958,0.1348,0.148,-0.049,0.3185
MTLSynergy,FORCINA,synergy_loewe,196.3783,32.1363,,,13.9644,1.1725,,,10.1632,0.6166,,,0.0297,0.0493,,,0.3458,0.0539,,
MTLSynergy,NCATS_ES(FAKI_AURKI),synergy_loewe,35.7484,3.0992,,,5.9731,0.2658,,,4.7216,0.1732,,,-0.1354,0.0956,,,0.197,0.053,,
MTLSynergy,NCATS_HL,synergy_loewe,225.702,16.4043,,,15.0136,0.5419,,,11.5165,0.4992,,,-0.0172,0.08,,,0.3443,0.056,,
MTLSynergy,FRIEDMAN,synergy_loewe,102.8035,1.6405,,,10.1389,0.081,,,7.4252,0.0439,,,0.5668,0.0018,,,0.7537,0.0008,,
MTLSynergy,ASTRAZENECA,synergy_loewe,803.8329,614.3208,,,26.1869,10.8664,,,8.0602,0.1914,,,-0.1175,0.5955,,,0.4929,0.1247,,
MTLSynergy,FLOBAK,synergy_loewe,15.6905,1.4674,,,3.9567,0.1864,,,2.85,0.1079,,,0.7073,0.0426,,,0.846,0.0256,,
MTLSynergy,NCATS_ES(NAMPT+PARP),synergy_loewe,157.2099,12.1539,,,12.5293,0.4756,,,8.642,0.2688,,,0.1241,0.0716,,,0.4512,0.051,,
MTLSynergy,ALMANAC,synergy_loewe,76.5158,2.1704,,,8.7464,0.1242,,,5.3827,0.0334,,,0.6384,0.0057,,,0.8012,0.003,,
MTLSynergy,YOHE,synergy_loewe,42.7583,12.7783,,,6.4673,0.9658,,,4.8397,0.6487,,,0.0888,0.2204,,,0.4549,0.0957,,
MTLSynergy,FALLAHI-SICHANI,synergy_loewe,103.5394,37.8828,,,9.958,2.0925,,,8.1375,1.83,,,0.3192,0.3681,,,0.8063,0.1204,,
MTLSynergy,DYALL,synergy_loewe,242.1704,82.8804,,,15.3222,2.7203,,,10.892,1.9748,,,-0.6899,1.3011,,,0.55,0.1294,,
MTLSynergy,ONEIL,synergy_loewe,42.2994,1.4412,,,6.5029,0.1105,,,4.1623,0.038,,,0.8181,0.0097,,,0.9053,0.0061,,
MTLSynergy,NCATS_2D_3D,synergy_loewe,15.0226,9.1413,,,3.524,1.6137,,,2.0302,0.9348,,,0.1394,0.3999,,,0.6307,0.3567,,
MTLSynergy,FORCINA,synergy_bliss,285.5869,26.0034,,,16.8819,0.768,,,12.9631,0.4481,,,-0.125,0.0318,,,0.2077,0.0288,,
MTLSynergy,NCATS_ES(FAKI_AURKI),synergy_bliss,26.2911,5.0244,,,5.1058,0.4707,,,3.8694,0.1972,,,-0.2025,0.0409,,,0.0628,0.0727,,
MTLSynergy,NCATS_HL,synergy_bliss,489.2605,136.0036,,,21.9126,3.0163,,,13.2803,0.8254,,,0.1977,0.0408,,,0.5204,0.0613,,
MTLSynergy,FRIEDMAN,synergy_bliss,82.1664,1.5418,,,9.0642,0.0849,,,6.5679,0.0242,,,0.945,0.0012,,,0.9726,0.0006,,
MTLSynergy,ASTRAZENECA,synergy_bliss,179248.9939,193455.7177,,,337.4404,255.7009,,,15.6779,5.8644,,,-332.8101,663.5326,,,0.267,0.2214,,
MTLSynergy,FLOBAK,synergy_bliss,11.0603,1.6638,,,3.3165,0.2473,,,2.334,0.12,,,0.7559,0.0241,,,0.8699,0.0137,,
MTLSynergy,NCATS_ES(NAMPT+PARP),synergy_bliss,144.155,13.0503,,,11.9944,0.5384,,,8.565,0.2815,,,0.1677,0.0254,,,0.4901,0.0162,,
MTLSynergy,ALMANAC,synergy_bliss,15.736,0.2334,,,3.9668,0.0293,,,2.7601,0.0115,,,0.5687,0.0047,,,0.7552,0.0026,,
MTLSynergy,YOHE,synergy_bliss,53.051,11.8881,,,7.2423,0.7747,,,5.8621,0.4539,,,0.1066,0.2244,,,0.4269,0.1603,,
MTLSynergy,FALLAHI-SICHANI,synergy_bliss,112.1678,71.6052,,,9.8382,3.9214,,,8.2829,3.2531,,,-1.1041,2.0894,,,0.3006,0.5676,,
MTLSynergy,DYALL,synergy_bliss,30.1687,5.6678,,,5.4703,0.4945,,,4.3206,0.5342,,,0.0053,0.1624,,,0.4137,0.066,,
MTLSynergy,ONEIL,synergy_bliss,16.5827,1.6299,,,4.0673,0.1999,,,2.548,0.0603,,,0.6655,0.0314,,,0.817,0.0188,,
MTLSynergy,NCATS_2D_3D,synergy_bliss,12.4816,5.7303,,,3.4424,0.7948,,,2.265,0.5365,,,-2.726,4.1607,,,0.008,0.7376,,
MTLSynergy,FORCINA,synergy_zip,286.4976,35.3074,,,16.8948,1.0306,,,13.0434,0.6434,,,-0.1259,0.0562,,,0.2129,0.0511,,
MTLSynergy,NCATS_ES(FAKI_AURKI),synergy_zip,16.2608,1.4518,,,4.0286,0.1777,,,3.1425,0.1035,,,-0.1857,0.0345,,,0.0931,0.0602,,
MTLSynergy,NCATS_HL,synergy_zip,441.7934,123.2945,,,20.8267,2.8357,,,11.9568,0.7003,,,0.2501,0.0596,,,0.5654,0.057,,
MTLSynergy,FRIEDMAN,synergy_zip,45.7457,0.7636,,,6.7633,0.0566,,,4.8091,0.0314,,,0.8796,0.003,,,0.9386,0.0017,,
MTLSynergy,ASTRAZENECA,synergy_zip,74314.6791,69965.0981,,,240.6764,128.0216,,,14.6205,1.6889,,,-202.594,392.7751,,,0.0945,0.1567,,
MTLSynergy,FLOBAK,synergy_zip,7.4305,1.3643,,,2.715,0.2436,,,1.7531,0.1221,,,0.7316,0.0387,,,0.856,0.0222,,
MTLSynergy,NCATS_ES(NAMPT+PARP),synergy_zip,90.7099,11.9027,,,9.5051,0.6032,,,6.977,0.2887,,,0.2404,0.0593,,,0.5436,0.0375,,
MTLSynergy,ALMANAC,synergy_zip,11.9351,0.169,,,3.4546,0.0245,,,2.3846,0.0155,,,0.5716,0.0062,,,0.7575,0.0039,,
MTLSynergy,YOHE,synergy_zip,49.7954,9.2238,,,7.0296,0.6163,,,5.5326,0.3328,,,0.0444,0.1653,,,0.3862,0.118,,
MTLSynergy,FALLAHI-SICHANI,synergy_zip,82.6044,53.6558,,,8.6279,2.8572,,,7.2223,2.567,,,-1.3607,1.6092,,,0.2863,0.5474,,
MTLSynergy,DYALL,synergy_zip,19.2089,3.3103,,,4.3661,0.382,,,3.3761,0.3977,,,0.1516,0.1802,,,0.5333,0.0894,,
MTLSynergy,ONEIL,synergy_zip,9.6413,0.3645,,,3.1045,0.0588,,,2.1813,0.0365,,,0.715,0.0115,,,0.8469,0.0076,,
MTLSynergy,NCATS_2D_3D,synergy_zip,10.6304,5.2628,,,3.174,0.7456,,,2.0343,0.6335,,,-10.2438,20.0716,,,0.3967,0.6341,,
MTLSynergy,FORCINA,synergy_hsa,198.2093,32.8707,,,14.0294,1.1773,,,10.2144,0.643,,,0.0197,0.0591,,,0.3364,0.0502,,
MTLSynergy,NCATS_ES(FAKI_AURKI),synergy_hsa,15.7919,4.1399,,,3.9427,0.4968,,,2.7916,0.1537,,,-0.3134,0.1213,,,-0.0076,0.0455,,
MTLSynergy,NCATS_HL,synergy_hsa,69.1934,11.4444,,,8.2905,0.6791,,,5.9637,0.2587,,,-0.1039,0.1124,,,0.24,0.087,,
MTLSynergy,FRIEDMAN,synergy_hsa,81.0332,2.1703,,,9.001,0.1207,,,6.506,0.0424,,,0.7892,0.0034,,,0.8897,0.0019,,
MTLSynergy,ASTRAZENECA,synergy_hsa,62.4226,5.7159,,,7.8926,0.3599,,,4.5542,0.1941,,,0.3066,0.0641,,,0.5898,0.0374,,
MTLSynergy,FLOBAK,synergy_hsa,10.273,1.233,,,3.1996,0.1893,,,2.2834,0.0957,,,0.6836,0.0148,,,0.8289,0.0094,,
MTLSynergy,NCATS_ES(NAMPT+PARP),synergy_hsa,76.9697,8.3547,,,8.7604,0.4753,,,5.9799,0.2225,,,0.0184,0.1044,,,0.3624,0.0539,,
MTLSynergy,ALMANAC,synergy_hsa,12.8167,0.0842,,,3.58,0.0117,,,2.5007,0.0065,,,0.6224,0.0029,,,0.7909,0.0017,,
MTLSynergy,YOHE,synergy_hsa,25.2001,4.0366,,,5.0044,0.3949,,,3.7461,0.1027,,,0.156,0.1158,,,0.4964,0.0493,,
MTLSynergy,FALLAHI-SICHANI,synergy_hsa,83.4312,46.5659,,,8.7136,2.7395,,,7.1373,2.1804,,,0.212,0.3009,,,0.6724,0.3791,,
MTLSynergy,DYALL,synergy_hsa,19.4777,7.5517,,,4.3333,0.8366,,,3.0355,0.3517,,,-0.1816,0.2229,,,0.33,0.1252,,
MTLSynergy,ONEIL,synergy_hsa,17.4881,0.9909,,,4.1802,0.1189,,,2.6199,0.0556,,,0.6494,0.0152,,,0.8078,0.0089,,
MTLSynergy,NCATS_2D_3D,synergy_hsa,7.6275,5.4775,,,2.5261,1.1163,,,1.59,0.7398,,,0.0376,0.674,,,0.3159,0.7668,,
