drug_row,drug_col,cell_line_name,synergy_loewe
555.0,72.0,,-20.4106064098263
555.0,2558.0,,7.057908908250493
555.0,341.0,,5.563200338313121
555.0,788.0,,12.51868307645041
555.0,150.0,,-9.499437875032736
555.0,2764.0,,0.9740226967352676
555.0,2268.0,,-10.9363280993639
555.0,4169.0,,-1.74067602324773
555.0,195.0,,0.3516331309595659
555.0,778.0,,-3.3033659573362826
555.0,2399.0,,-0.057961386283603
555.0,68.0,,-2.8158449253773323
1337.0,555.0,,-0.8133476035673443
1337.0,2558.0,,0.9153785931572388
1337.0,341.0,,3.398965647608168
1337.0,788.0,,4.93709100783478
1337.0,150.0,,-3.608506622434475
1337.0,2764.0,,4.932030126764738
1337.0,2268.0,,0.51836702315533
1337.0,161.0,,6.85039744323881
1337.0,3753.0,,11.832175865491092
1337.0,164.0,,-1.579770713593839
1337.0,466.0,,4.13378376078314
1337.0,331.0,,9.517317580545422
1337.0,537.0,,5.694920156820982
1337.0,780.0,,2.69144848501631
1337.0,195.0,,-1.29885569250335
1337.0,1904.0,,11.0496060747155
1337.0,778.0,,-10.174271893048193
1337.0,748.0,,3.15747600642723
1337.0,2399.0,,-3.139833678903805
1337.0,85.0,,0.95018397505247
72.0,2558.0,,4.965424965361727
72.0,2268.0,,-4.35615725948743
72.0,195.0,,-3.37579075252583
341.0,72.0,,10.04380039508372
341.0,2558.0,,8.672879022629186
341.0,2268.0,,7.597274934680286
341.0,4169.0,,-0.8696892232440825
341.0,195.0,,4.380161721537597
788.0,72.0,,8.331031504039096
788.0,2558.0,,2.654026717526601
788.0,341.0,,10.95840539345031
788.0,150.0,,-58.6242453745593
788.0,2764.0,,10.72803669996091
788.0,2268.0,,3.642446667772
788.0,4169.0,,-9.725207969726114
788.0,195.0,,-2.1557573403623125
788.0,778.0,,-48.5436530557238
788.0,2399.0,,-52.1877088943879
788.0,68.0,,6.30002625576959
1884.0,555.0,,7.482991729777508
1884.0,2558.0,,6.92754578777312
1884.0,341.0,,-10.89798924435999
1884.0,788.0,,17.7319631430358
1884.0,150.0,,3.1475180445607904
1884.0,2764.0,,14.208728956675198
1884.0,2268.0,,-16.4104511729485
1884.0,161.0,,-4.259195661431753
1884.0,3753.0,,-12.4891573627114
1884.0,164.0,,-0.949638086474742
1884.0,466.0,,-5.282409947851595
1884.0,331.0,,-16.0600180820113
1884.0,537.0,,1.6297445193369822
1884.0,780.0,,2.9233643043355
1884.0,195.0,,-17.4816610816879
1884.0,1904.0,,-10.592545198732813
1884.0,778.0,,12.940903179375823
1884.0,748.0,,-6.029284918380885
1884.0,2399.0,,9.242472811884008
1884.0,85.0,,1.6739208854809524
150.0,72.0,,-84.28509344223696
150.0,2558.0,,-6.211637069484361
150.0,341.0,,-22.0503581361364
150.0,2764.0,,3.0619086381803373
150.0,2268.0,,-37.65233524782332
150.0,4169.0,,-7.119148192658323
150.0,195.0,,-5.879567419312766
150.0,778.0,,4.5039393332788125
150.0,2399.0,,-1.0088689962814898
150.0,68.0,,-20.183871125961
2764.0,72.0,,-4.740837259655899
2764.0,2558.0,,7.51149345504811
2764.0,341.0,,18.4271248498092
2764.0,2268.0,,2.845305454558445
2764.0,4169.0,,5.2747340925668125
2764.0,195.0,,4.9179505621705975
2764.0,2399.0,,1.1296496580466775
2764.0,68.0,,3.1900614398513025
2268.0,2558.0,,5.3227328182331775
4169.0,2558.0,,7.41870142692434
4169.0,2268.0,,-12.0852519524968
4169.0,195.0,,-12.6580759605786
161.0,555.0,,1.1963209904152092
161.0,72.0,,4.54091857889651
161.0,2558.0,,13.086562556824385
161.0,341.0,,8.426034527938272
161.0,788.0,,7.674370886296963
161.0,150.0,,-6.863848826947917
161.0,2764.0,,8.862368711608422
161.0,2268.0,,12.5556776173795
161.0,4169.0,,-10.990727112953408
161.0,195.0,,-2.160162689129287
161.0,778.0,,-25.770551988705
161.0,2399.0,,-5.929083942736227
161.0,68.0,,5.24000112151495
3753.0,555.0,,1.3198897012100936
3753.0,72.0,,5.28041617263397
3753.0,2558.0,,13.2557328031377
3753.0,341.0,,15.4877510220154
3753.0,788.0,,3.45361459870278
3753.0,150.0,,-1.4781214358892183
3753.0,2764.0,,2.9148389821866925
3753.0,2268.0,,3.498636415149699
3753.0,4169.0,,4.5489272910408
3753.0,161.0,,8.021715070251938
3753.0,164.0,,2.32992331530852
3753.0,466.0,,3.526534909479594
3753.0,331.0,,14.8102134878728
3753.0,537.0,,-44.0295851702872
3753.0,780.0,,8.499783123741512
3753.0,195.0,,2.2230596410999715
3753.0,1904.0,,14.1487357414741
3753.0,778.0,,-8.823385177089484
3753.0,748.0,,5.09879011190657
3753.0,2349.0,,4.192159548489062
3753.0,2399.0,,1.8383528522214008
3753.0,2400.0,,8.716924896765516
3753.0,85.0,,6.97411913343455
3753.0,68.0,,14.12009441512905
3753.0,3520.0,,5.97823987461331
164.0,555.0,,4.654768611874691
164.0,72.0,,2.9590980976267
164.0,2558.0,,7.285759540609202
164.0,341.0,,7.687147648485397
164.0,788.0,,8.768049093843686
164.0,150.0,,-5.2923288172516365
164.0,2764.0,,13.170844981486605
164.0,2268.0,,9.077708864297886
164.0,4169.0,,-22.205960894151826
164.0,161.0,,1.34787778622972
164.0,331.0,,-3.3593213036809813
164.0,537.0,,2.06345374681206
164.0,780.0,,-0.7082020326964527
164.0,195.0,,-3.76646034509017
164.0,778.0,,-28.4560192930901
164.0,2399.0,,7.823890057295585
164.0,68.0,,-2.3782731931768213
466.0,555.0,,5.243725420514037
466.0,72.0,,3.8521066449598473
466.0,2558.0,,13.53561898009766
466.0,341.0,,3.795217848419987
466.0,788.0,,0.1875764244624077
466.0,150.0,,-18.79322437503205
466.0,2764.0,,8.535750341437804
466.0,2268.0,,-1.3372179282089878
466.0,4169.0,,-11.169012592168595
466.0,161.0,,2.7956621683421576
466.0,164.0,,7.112011890465682
466.0,331.0,,8.404685380592362
466.0,537.0,,4.8437171418934994
466.0,780.0,,0.122296504309191
466.0,195.0,,-2.9633233131782672
466.0,778.0,,-43.42583102034492
466.0,2399.0,,-22.1942860750251
466.0,68.0,,1.2155583093217204
331.0,555.0,,0.1321218637892411
331.0,72.0,,10.133210205351698
331.0,2558.0,,8.623529383257786
331.0,341.0,,13.6581315285286
331.0,788.0,,4.61658795271162
331.0,150.0,,-3.052745108707508
331.0,2764.0,,1.5094017171408751
331.0,2268.0,,4.236947041499188
331.0,4169.0,,-9.366388036350378
331.0,161.0,,4.512567825661001
331.0,195.0,,5.88537491641948
331.0,778.0,,-15.9984896372195
331.0,2399.0,,-4.551497847627028
331.0,68.0,,9.348407202884225
4170.0,555.0,,5.740603701362344
4170.0,1337.0,,1.0295482734054475
4170.0,72.0,,-1.33741392271906
4170.0,2558.0,,4.384496463119268
4170.0,341.0,,5.4743169090460295
4170.0,788.0,,15.230953801329797
4170.0,1884.0,,6.5169853075177775
4170.0,150.0,,-7.525816239877519
4170.0,2764.0,,3.040624495033395
4170.0,2268.0,,-3.1506409347906006
4170.0,4169.0,,8.494920000903015
4170.0,161.0,,17.498223044203684
4170.0,3753.0,,5.89920544519559
4170.0,164.0,,2.492600958273303
4170.0,466.0,,4.05335662339471
4170.0,331.0,,9.184750247559588
4170.0,537.0,,4.22510895676134
4170.0,4171.0,,4.259921825917028
4170.0,780.0,,5.24768065526163
4170.0,195.0,,-4.865409127779143
4170.0,1904.0,,7.03810785395564
4170.0,778.0,,1.484032177085605
4170.0,748.0,,-48.6494210303139
4170.0,11.0,,-7.145934181322732
4170.0,1584.0,,-6.843465431322723
4170.0,3931.0,,-0.1592122035862582
4170.0,2349.0,,3.84645663773234
4170.0,2399.0,,4.248083633782873
4170.0,2400.0,,-11.346415490374207
4170.0,141.0,,-29.0745491347737
4170.0,1347.0,,-8.349724559137416
4170.0,15.0,,0.78236274779541
4170.0,47.0,,10.90433449013851
4170.0,85.0,,4.00724217513599
4170.0,68.0,,-1.8413585661987653
4170.0,2981.0,,0.7239130456036945
4170.0,3520.0,,1.903305856428885
537.0,555.0,,-21.9582610458659
537.0,72.0,,-5.489783315116831
537.0,2558.0,,-35.3605928022122
537.0,341.0,,-50.139755408268
537.0,788.0,,-50.884513985258
537.0,150.0,,-3.1656682370457747
537.0,2764.0,,5.34426365905777
537.0,2268.0,,-50.8012617832699
537.0,4169.0,,3.32504229810667
537.0,161.0,,18.325764747536702
537.0,331.0,,8.829273459810718
537.0,780.0,,2.889290339367072
537.0,195.0,,1.1671594866258714
537.0,778.0,,-31.9877420429444
537.0,2399.0,,-30.5532906406003
537.0,68.0,,-3.409361510486415
4171.0,555.0,,4.70999922032483
4171.0,1337.0,,3.1813712335401
4171.0,72.0,,-6.392279067281281
4171.0,2558.0,,16.8040102989404
4171.0,341.0,,3.904505894870118
4171.0,788.0,,15.4411297012874
4171.0,1884.0,,6.488172703974769
4171.0,150.0,,3.9924524521160345
4171.0,2764.0,,14.500492395219208
4171.0,2268.0,,-13.6571515273982
4171.0,4169.0,,0.8327491436913278
4171.0,161.0,,6.17098071329396
4171.0,3753.0,,4.79887797866589
4171.0,164.0,,-6.32833666506161
4171.0,466.0,,13.579569591756414
4171.0,331.0,,9.039930182396793
4171.0,537.0,,1.5151258604717006
4171.0,780.0,,4.694041575721379
4171.0,195.0,,-0.09559060374969
4171.0,1904.0,,0.0045622905594486
4171.0,778.0,,-0.4916944560056505
4171.0,748.0,,-3.3840898015300693
4171.0,11.0,,-2.5003038310056507
4171.0,1584.0,,-0.42238195600565
4171.0,3931.0,,-23.574288954831506
4171.0,2349.0,,8.864753400743997
4171.0,2399.0,,0.1150220194610149
4171.0,2400.0,,-5.966529100895444
4171.0,141.0,,-6.4125368429958725
4171.0,1347.0,,-4.32380649301956
4171.0,15.0,,3.2906297965684272
4171.0,47.0,,23.3017863252295
4171.0,85.0,,6.758378417535165
4171.0,68.0,,-2.43188561403213
4171.0,2981.0,,8.855673882069288
4171.0,3520.0,,11.380175413244997
780.0,555.0,,2.811665967897138
780.0,72.0,,3.3685638868633823
780.0,2558.0,,2.739426907997935
780.0,341.0,,5.425255634188749
780.0,788.0,,8.8592993504379
780.0,150.0,,4.870137930769152
780.0,2764.0,,10.26202364449021
780.0,2268.0,,-7.495474874760922
780.0,4169.0,,-8.872593762018411
780.0,161.0,,2.402452968798113
780.0,331.0,,9.07058975981732
780.0,195.0,,-7.43504025999674
780.0,778.0,,-9.70974302034348
780.0,2399.0,,5.77564664745444
780.0,68.0,,3.90066261467444
195.0,2558.0,,-0.3296712726334014
195.0,2268.0,,-5.64381273095477
1904.0,555.0,,9.379649147396172
1904.0,72.0,,5.532816267428951
1904.0,2558.0,,11.545454552838017
1904.0,341.0,,11.9063194913802
1904.0,788.0,,7.974792038293286
1904.0,150.0,,0.462347905189905
1904.0,2764.0,,16.7670776040289
1904.0,2268.0,,6.83051585557261
1904.0,4169.0,,-8.4620245284374
1904.0,161.0,,7.350425001677907
1904.0,164.0,,7.284173845465467
1904.0,466.0,,1.8167055891903388
1904.0,331.0,,5.1717391956402
1904.0,537.0,,6.10456404282135
1904.0,780.0,,3.11374571391493
1904.0,195.0,,-1.48417267563508
1904.0,778.0,,-15.925281061706803
1904.0,2399.0,,1.4587630002140102
1904.0,85.0,,0.1123315074167409
1904.0,68.0,,4.936814535075468
778.0,72.0,,-80.42957781723695
778.0,2558.0,,-3.790631350341634
778.0,341.0,,-32.317819617590004
778.0,2764.0,,-5.2505778879673874
778.0,2268.0,,-60.7384880146117
778.0,4169.0,,-2.2987451385881688
778.0,195.0,,-13.7710092857215
778.0,2399.0,,0.3063251661962873
778.0,68.0,,-33.7677797586081
748.0,555.0,,2.60127329084622
748.0,72.0,,1.22843004271796
748.0,2558.0,,12.380034739495905
748.0,341.0,,4.840275879240236
748.0,788.0,,2.286202986908872
748.0,150.0,,-17.7965206867814
748.0,2764.0,,4.445708114094968
748.0,2268.0,,-1.117163206201725
748.0,4169.0,,-10.60434965098699
748.0,161.0,,11.960820367016575
748.0,164.0,,1.8951373433618144
748.0,466.0,,6.210782794879437
748.0,331.0,,7.023092236180645
748.0,537.0,,1.66367529583498
748.0,780.0,,-0.7799012922300056
748.0,195.0,,-6.29571729563329
748.0,1904.0,,-0.3630894944251784
748.0,778.0,,-29.9652268948822
748.0,2399.0,,-12.6507732877514
748.0,2400.0,,3.97282912490192
748.0,85.0,,-5.23100196820873
748.0,68.0,,3.05074622633676
11.0,555.0,,-0.7299420862291377
11.0,2558.0,,-15.376271773940374
11.0,341.0,,-32.94638211759
11.0,788.0,,-52.222813537195805
11.0,150.0,,2.6194305822908226
11.0,2764.0,,1.875886131417275
11.0,2268.0,,-65.43910066411192
11.0,161.0,,-26.2385545146686
11.0,3753.0,,-4.56543546674172
11.0,164.0,,-26.898846149252
11.0,466.0,,-43.1271615434463
11.0,331.0,,-17.3779310960006
11.0,537.0,,-13.480416760361594
11.0,780.0,,-8.867669760353268
11.0,195.0,,-15.2408686607215
11.0,1904.0,,-15.3994315238231
11.0,778.0,,7.046668777746314
11.0,748.0,,-34.7412440331415
11.0,2399.0,,3.20222134274503
11.0,85.0,,-2.295506148104589
1584.0,555.0,,1.7640579137708574
1584.0,2558.0,,-12.161756148940391
1584.0,341.0,,-33.10392899259
1584.0,788.0,,-53.7568135371958
1584.0,150.0,,1.5054185454781177
1584.0,2764.0,,3.515167381417275
1584.0,2268.0,,-64.82242156723694
1584.0,161.0,,-25.5078357646686
1584.0,3753.0,,-5.690497966741715
1584.0,164.0,,-27.026236774252
1584.0,466.0,,-43.0435052934463
1584.0,331.0,,-14.1969310960006
1584.0,537.0,,-12.985776135361595
1584.0,780.0,,-8.355904135353267
1584.0,195.0,,-15.8108530357215
1584.0,1904.0,,-17.1008690238231
1584.0,778.0,,3.012340652746325
1584.0,748.0,,-31.8123846581415
1584.0,2399.0,,4.306495323200728
1584.0,85.0,,1.4160094768954106
3931.0,555.0,,-6.21386451444971
3931.0,2558.0,,6.8526513617153
3931.0,341.0,,9.235170018527924
3931.0,788.0,,4.14644635388612
3931.0,150.0,,-26.1675890210643
3931.0,2764.0,,8.196900476857925
3931.0,2268.0,,3.5284518544984125
3931.0,161.0,,-10.759794756463709
3931.0,3753.0,,-13.722694346837
3931.0,164.0,,2.0943484328312265
3931.0,466.0,,8.782482625704187
3931.0,331.0,,7.025928785749271
3931.0,537.0,,-22.5172134478061
3931.0,780.0,,-4.635828226750197
3931.0,195.0,,-15.9217252695016
3931.0,1904.0,,0.8774482875820928
3931.0,778.0,,-54.8105210208709
3931.0,748.0,,3.422155142702058
3931.0,2399.0,,-31.461197600791
3931.0,85.0,,0.65683997762487
2349.0,555.0,,1.6678813912609125
2349.0,2558.0,,11.54992252163923
2349.0,341.0,,5.23890016875176
2349.0,788.0,,13.180806432177
2349.0,150.0,,-6.35294579899074
2349.0,2764.0,,7.868467884176523
2349.0,2268.0,,-3.3159254174801824
2349.0,161.0,,5.73297301473409
2349.0,164.0,,9.3657606014732
2349.0,466.0,,6.858162946758521
2349.0,331.0,,11.014076495952
2349.0,537.0,,-3.5694291468940587
2349.0,780.0,,4.967653859269695
2349.0,195.0,,-2.874329422819671
2349.0,1904.0,,6.60973545669692
2349.0,778.0,,-11.096766520786078
2349.0,748.0,,2.3351478387108564
2349.0,2399.0,,-2.5738068144400463
2349.0,85.0,,2.3082322794358445
2399.0,72.0,,-85.37792156723692
2399.0,2558.0,,2.34512006244902
2399.0,341.0,,-18.876426187657124
2399.0,2268.0,,-56.57630896039557
2399.0,4169.0,,-3.47325506131757
2399.0,195.0,,-4.081716145094694
2399.0,68.0,,-13.949108032086738
2400.0,555.0,,-2.617133528388476
2400.0,2558.0,,5.782881205323632
2400.0,341.0,,7.61805944941963
2400.0,788.0,,4.53149258104202
2400.0,150.0,,-4.85314711378385
2400.0,2764.0,,-1.14043597989004
2400.0,2268.0,,2.1000681393757
2400.0,161.0,,3.80983556535659
2400.0,164.0,,0.54638802461961
2400.0,466.0,,2.150720484213553
2400.0,331.0,,8.808544979378123
2400.0,537.0,,-1.3235324145151448
2400.0,780.0,,-2.791799908238109
2400.0,195.0,,0.6412934975394184
2400.0,1904.0,,3.5231923947581274
2400.0,778.0,,-13.7626811659697
2400.0,2399.0,,-7.665278509795771
2400.0,85.0,,-2.125123695011573
141.0,555.0,,-4.249947485094899
141.0,2558.0,,-19.5104383997039
141.0,341.0,,-40.495871727593205
141.0,788.0,,-66.6405791745631
141.0,150.0,,2.704485760544893
141.0,2764.0,,3.8503621058547024
141.0,2268.0,,-42.5039839772918
141.0,161.0,,-51.935896497877096
141.0,3753.0,,-17.924222374375
141.0,164.0,,-76.20565594223694
141.0,466.0,,-30.867658318314103
141.0,331.0,,-49.5339516128139
141.0,537.0,,-10.438067835487198
141.0,780.0,,-69.0132996831872
141.0,195.0,,-36.74151844517412
141.0,1904.0,,-41.1650744570424
141.0,778.0,,-0.6909918120700941
141.0,748.0,,-55.6120900850354
141.0,2399.0,,-0.28707216251192
141.0,85.0,,-6.502322013203773
1347.0,555.0,,-14.8997970468302
1347.0,2558.0,,-6.956815090969339
1347.0,341.0,,-6.12881831839441
1347.0,788.0,,-2.877417458753418
1347.0,150.0,,-26.7161548784504
1347.0,2764.0,,-4.2544946122922
1347.0,2268.0,,-4.66589803388068
1347.0,161.0,,-4.21149831059282
1347.0,3753.0,,-5.00704560907011
1347.0,164.0,,-3.129924086480812
1347.0,466.0,,-8.974512839481285
1347.0,331.0,,5.186620129345521
1347.0,537.0,,-3.663944586313905
1347.0,780.0,,-6.51743877819235
1347.0,195.0,,-5.66808441530079
1347.0,1904.0,,-6.164904509469583
1347.0,778.0,,-25.7439269276958
1347.0,748.0,,-2.5967220626187504
1347.0,2399.0,,-24.8506214772445
1347.0,85.0,,-11.9532939357319
15.0,555.0,,4.9356006997932775
15.0,2558.0,,6.432892794199716
15.0,341.0,,9.504085970994216
15.0,788.0,,10.697005834747316
15.0,150.0,,-9.968472213864814
15.0,2764.0,,12.600248559239798
15.0,2268.0,,1.6920873644585792
15.0,161.0,,0.4241152241298305
15.0,3753.0,,-0.86933919756513
15.0,164.0,,5.166914341710338
15.0,466.0,,6.52051728445145
15.0,331.0,,11.868068698943093
15.0,537.0,,-3.4145115718957504
15.0,780.0,,5.90753623217241
15.0,195.0,,-8.006604525413636
15.0,1904.0,,8.549131858743209
15.0,778.0,,-16.6191064938028
15.0,748.0,,2.8751907888626134
15.0,2399.0,,-5.605897309023905
15.0,85.0,,1.675693360525469
47.0,555.0,,-0.683801408021244
47.0,2558.0,,4.672090596398817
47.0,341.0,,4.304187151902619
47.0,788.0,,-7.9487715284322
47.0,150.0,,-1.1542170580807014
47.0,2764.0,,8.054744933406567
47.0,2268.0,,-12.609411442064236
47.0,161.0,,7.259705348420487
47.0,3753.0,,3.2858524754223097
47.0,164.0,,21.587630972847
47.0,466.0,,7.786500086560185
47.0,331.0,,11.7624168011529
47.0,537.0,,10.08968339524039
47.0,780.0,,9.58979677289677
47.0,195.0,,1.3404764867727006
47.0,1904.0,,15.2795523488324
47.0,778.0,,3.389513962765331
47.0,748.0,,6.92850152429577
47.0,2399.0,,1.816682522361012
47.0,85.0,,4.31500131159504
85.0,555.0,,1.0982520150163193
85.0,72.0,,1.2057823503661411
85.0,2558.0,,14.263332183300026
85.0,341.0,,9.217316996470409
85.0,788.0,,4.94330398473681
85.0,150.0,,-1.5607306355795818
85.0,2764.0,,4.3464363307985145
85.0,2268.0,,1.003271002850828
85.0,4169.0,,5.28734017891007
85.0,161.0,,11.526280803319024
85.0,164.0,,-3.74078258206638
85.0,466.0,,9.6196163512757
85.0,331.0,,5.02922279081457
85.0,537.0,,-32.1863307264215
85.0,780.0,,3.1613402175408813
85.0,195.0,,0.3087230848926988
85.0,778.0,,2.02157871787039
85.0,2399.0,,1.0451351763029924
85.0,68.0,,-5.3490273802956
68.0,2558.0,,7.441612725059685
68.0,341.0,,9.036607870574738
68.0,2268.0,,-3.26358212983818
68.0,195.0,,-0.1153051082610102
2981.0,555.0,,1.68233077285693
2981.0,2558.0,,7.8778932532888835
2981.0,341.0,,4.9664540385007125
2981.0,788.0,,-9.253202573938912
2981.0,150.0,,-1.365631339732183
2981.0,2764.0,,-1.8272639298508129
2981.0,2268.0,,-23.5678183851082
2981.0,161.0,,7.230348332342837
2981.0,3753.0,,10.251539975422308
2981.0,164.0,,5.784194062246988
2981.0,466.0,,4.861713664000282
2981.0,331.0,,4.9193543011528575
2981.0,537.0,,6.09187369152907
2981.0,780.0,,5.978672664384336
2981.0,195.0,,3.7215389867727
2981.0,1904.0,,14.1878023488324
2981.0,778.0,,-3.135916006221011
2981.0,748.0,,6.583193805352413
2981.0,2399.0,,0.5542048965418206
2981.0,85.0,,-0.21524868840496
3520.0,555.0,,-4.673549939763248
3520.0,2558.0,,8.8182877901721
3520.0,341.0,,5.59729314015128
3520.0,788.0,,-10.246191050002617
3520.0,150.0,,0.1037760752542344
3520.0,2764.0,,4.229102922286595
3520.0,2268.0,,-14.2970927702615
3520.0,161.0,,14.9606415734946
3520.0,164.0,,15.786823980863076
3520.0,466.0,,6.035172212988233
3520.0,331.0,,8.99419805115287
3520.0,537.0,,5.332286715831812
3520.0,780.0,,5.652283637875373
3520.0,195.0,,3.5350702367727025
3520.0,1904.0,,15.0533492238324
3520.0,778.0,,2.589205797652556
3520.0,748.0,,5.894538080424683
3520.0,2399.0,,-0.6953209758172101
3520.0,85.0,,5.35801693659504
555.0,72.0,,-55.7838535438109
555.0,2558.0,,-1.721568500139811
555.0,341.0,,-3.07065533499222
555.0,788.0,,-28.6634370185017
555.0,150.0,,3.0393086086726067
555.0,2764.0,,-10.418116808375292
555.0,2268.0,,-30.4757742844509
555.0,4169.0,,1.7463381898042916
555.0,195.0,,6.131157853110183
555.0,778.0,,4.560605717674442
555.0,2399.0,,-0.671176323019955
555.0,68.0,,-6.77112373084971
1337.0,555.0,,0.7952994089981
1337.0,2558.0,,1.12428646625237
1337.0,341.0,,4.680735270399151
1337.0,788.0,,-0.3263686463384322
1337.0,150.0,,3.521297755656649
1337.0,2764.0,,5.429320681303947
1337.0,2268.0,,0.49837666029648
1337.0,161.0,,6.826158317398292
1337.0,3753.0,,3.345018478035408
1337.0,164.0,,2.579670655655189
1337.0,466.0,,2.3788367502866
1337.0,331.0,,1.2609563645699593
1337.0,537.0,,2.746793844384691
1337.0,780.0,,0.840185908382686
1337.0,195.0,,-5.523823531388913
1337.0,1904.0,,-1.2675119460356277
1337.0,778.0,,-9.170070212928582
1337.0,748.0,,2.19332448885723
1337.0,2399.0,,0.4766668297473393
1337.0,85.0,,-37.450822821357605
72.0,2558.0,,-29.7416070696019
72.0,2268.0,,-6.483699672729268
72.0,195.0,,-3.165834916985417
341.0,72.0,,4.02659492699435
341.0,2558.0,,-11.218518781578
341.0,2268.0,,3.3374202796032995
341.0,4169.0,,1.251676162736866
341.0,195.0,,-2.09393671690212
788.0,72.0,,-2.079824442107406
788.0,2558.0,,-16.2652108191197
788.0,341.0,,3.011485313857104
788.0,150.0,,-4.47715366765158
788.0,2764.0,,1.79620107079982
788.0,2268.0,,-3.30625096058458
788.0,4169.0,,-0.9293063639566312
788.0,195.0,,-3.825647982991117
788.0,778.0,,-47.2417396247248
788.0,2399.0,,-6.733788673476832
788.0,68.0,,-3.5870826026041103
1884.0,555.0,,6.860040028411508
1884.0,2558.0,,9.28041717522368
1884.0,341.0,,3.92793958000411
1884.0,788.0,,-0.8357998190521094
1884.0,150.0,,7.605923871301922
1884.0,2764.0,,8.38636412600037
1884.0,2268.0,,-3.35870877331687
1884.0,161.0,,-1.51357051479375
1884.0,3753.0,,-5.73965062536232
1884.0,164.0,,2.48291225074609
1884.0,466.0,,3.26543228553529
1884.0,331.0,,-6.28885627700634
1884.0,537.0,,0.3492080547389901
1884.0,780.0,,2.166800153998428
1884.0,195.0,,-15.1800692393867
1884.0,1904.0,,1.967474189451545
1884.0,778.0,,3.4532284138206406
1884.0,748.0,,-0.776149704093089
1884.0,2399.0,,-0.5498734502996107
1884.0,85.0,,-43.287632936829496
150.0,72.0,,-9.921808696057903
150.0,2558.0,,10.11893743406575
150.0,341.0,,-3.8685870606458006
150.0,2764.0,,4.077379447845967
150.0,2268.0,,-4.553181923005997
150.0,4169.0,,-0.6567943533016307
150.0,195.0,,4.64719399310326
150.0,778.0,,1.9514348360704392
150.0,2399.0,,3.05234221350982
150.0,68.0,,-11.5128303417206
2764.0,72.0,,0.94690860807761
2764.0,2558.0,,3.750320592860768
2764.0,341.0,,21.242858689551905
2764.0,2268.0,,1.56356008899079
2764.0,4169.0,,0.5665461938844419
2764.0,195.0,,5.54480003710163
2764.0,2399.0,,8.714635640640008
2764.0,68.0,,3.59873147856871
2268.0,2558.0,,-24.4555525990789
4169.0,2558.0,,0.9870546866532186
4169.0,2268.0,,-3.8054858796222577
4169.0,195.0,,-11.96676850184661
161.0,555.0,,3.967497703677248
161.0,72.0,,3.7569132353148897
161.0,2558.0,,-0.8661473756587602
161.0,341.0,,8.88859664850766
161.0,788.0,,-0.409323880235534
161.0,150.0,,8.140906001280863
161.0,2764.0,,14.1751620587603
161.0,2268.0,,-0.0225527894519699
161.0,4169.0,,-6.089559337408122
161.0,195.0,,-4.167805896152023
161.0,778.0,,-31.069126541403
161.0,2399.0,,3.171677205093295
161.0,68.0,,5.941456206812525
3753.0,555.0,,2.89514401050376
3753.0,72.0,,-10.029247204919006
3753.0,2558.0,,-1.1963777358015515
3753.0,341.0,,4.547741473366507
3753.0,788.0,,-7.91992543625927
3753.0,150.0,,10.780726740123598
3753.0,2764.0,,14.607147456622853
3753.0,2268.0,,-11.360888196405789
3753.0,4169.0,,-6.0547035018006525
3753.0,161.0,,3.2554857236879644
3753.0,164.0,,3.6086002843472
3753.0,466.0,,6.005965087598648
3753.0,331.0,,-4.95204924158258
3753.0,537.0,,-5.0073415473730405
3753.0,780.0,,3.3078365842046806
3753.0,195.0,,0.13476352003947
3753.0,1904.0,,-3.47499005925723
3753.0,778.0,,-12.3996054389563
3753.0,748.0,,-0.3673570074839602
3753.0,2349.0,,-4.92674015899842
3753.0,2399.0,,5.03261265023864
3753.0,2400.0,,-13.3908072810351
3753.0,85.0,,-30.0088003150964
3753.0,68.0,,1.4561777638647777
3753.0,3520.0,,-14.4884213491469
164.0,555.0,,5.29240126836249
164.0,72.0,,6.65717295735928
164.0,2558.0,,2.69669903205804
164.0,341.0,,12.2849352189688
164.0,788.0,,1.4830585587113798
164.0,150.0,,6.51729547672818
164.0,2764.0,,13.9687566402833
164.0,2268.0,,4.34497853884587
164.0,4169.0,,-0.166494335295761
164.0,161.0,,7.802684923054549
164.0,331.0,,9.073185605015786
164.0,537.0,,1.978318150889236
164.0,780.0,,6.872465607265992
164.0,195.0,,3.47769742546937
164.0,778.0,,-12.6995880918319
164.0,2399.0,,-2.2314413230654093
164.0,68.0,,1.694782977114392
466.0,555.0,,-0.2702183922045564
466.0,72.0,,-0.8081392811672148
466.0,2558.0,,5.467916395659294
466.0,341.0,,3.805789525210815
466.0,788.0,,-2.2292708695468737
466.0,150.0,,-4.1734450267082845
466.0,2764.0,,10.984831074796205
466.0,2268.0,,-3.35502985602576
466.0,4169.0,,-2.3943100358099523
466.0,161.0,,2.062182720985952
466.0,164.0,,10.13624456012319
466.0,331.0,,4.10365676981663
466.0,537.0,,-0.6464054765380673
466.0,780.0,,7.120868336631608
466.0,195.0,,-3.2265845723282656
466.0,778.0,,-54.725157702555
466.0,2399.0,,2.43898820314263
466.0,68.0,,-2.2305996791068905
331.0,555.0,,-1.927209308775347
331.0,72.0,,0.7186763574146893
331.0,2558.0,,-7.95458004248562
331.0,341.0,,8.344945603569602
331.0,788.0,,-2.2446084749220936
331.0,150.0,,-1.159555101622861
331.0,2764.0,,7.915809652800258
331.0,2268.0,,-1.892551358565573
331.0,4169.0,,-8.164607925900278
331.0,161.0,,2.7753266535843863
331.0,195.0,,-4.73007339911508
331.0,778.0,,-27.4933990067872
331.0,2399.0,,-8.65907319865443
331.0,68.0,,1.5243807626993604
4170.0,555.0,,-0.1281475320149285
4170.0,1337.0,,-2.793435577423855
4170.0,72.0,,-36.2251706206927
4170.0,2558.0,,-3.861613830183713
4170.0,341.0,,-10.974247033698738
4170.0,788.0,,-9.047208973154184
4170.0,1884.0,,3.974976771682311
4170.0,150.0,,7.082028676233323
4170.0,2764.0,,-9.40768857926358
4170.0,2268.0,,-10.37137102426329
4170.0,4169.0,,-4.388464028601
4170.0,161.0,,-4.09248520826878
4170.0,3753.0,,-2.3515294149221906
4170.0,164.0,,-6.22849978909138
4170.0,466.0,,-9.117062887433304
4170.0,331.0,,-15.6903411540405
4170.0,537.0,,-2.9760230132921
4170.0,4171.0,,2.1206156143536674
4170.0,780.0,,3.0261048398522705
4170.0,195.0,,-3.32328840686968
4170.0,1904.0,,1.7926559172289074
4170.0,778.0,,-1.1884641697701104
4170.0,748.0,,-1.9606547611906275
4170.0,11.0,,1.3866295802298862
4170.0,1584.0,,-5.715542294770108
4170.0,3931.0,,-10.290642520233584
4170.0,2349.0,,-4.5619676572127394
4170.0,2399.0,,-3.352783832739961
4170.0,2400.0,,-22.1029463698569
4170.0,141.0,,-4.755360943638729
4170.0,1347.0,,-8.728017922079037
4170.0,15.0,,-5.688990620239415
4170.0,47.0,,-1.6952252837009516
4170.0,85.0,,-7.043805904059895
4170.0,68.0,,-9.616562362673893
4170.0,2981.0,,-27.234532150881
4170.0,3520.0,,-9.942484396474898
537.0,555.0,,1.060055279676096
537.0,72.0,,-25.5075677291139
537.0,2558.0,,3.41978640178379
537.0,341.0,,3.6146288686121393
537.0,788.0,,-8.24470870245213
537.0,150.0,,6.00510955761324
537.0,2764.0,,5.594157590586823
537.0,2268.0,,-11.275844773534295
537.0,4169.0,,-3.92900253684348
537.0,161.0,,1.35311851296441
537.0,331.0,,-3.84786761837773
537.0,780.0,,4.89777366185055
537.0,195.0,,-1.29267669127774
537.0,778.0,,-11.10668210012208
537.0,2399.0,,2.90946034386085
537.0,68.0,,2.809721016878149
4171.0,555.0,,5.317545930464522
4171.0,1337.0,,-1.1139610350436475
4171.0,72.0,,2.409373786364672
4171.0,2558.0,,-1.94449795156014
4171.0,341.0,,1.6968222478970223
4171.0,788.0,,-0.9311422860016304
4171.0,1884.0,,-1.66155469720285
4171.0,150.0,,11.02908409699482
4171.0,2764.0,,3.5542372945796137
4171.0,2268.0,,-4.194859537068602
4171.0,4169.0,,-12.753486207941762
4171.0,161.0,,2.472005745656417
4171.0,3753.0,,0.1142583340617502
4171.0,164.0,,1.0539999312343389
4171.0,466.0,,-1.70280705305567
4171.0,331.0,,0.0064846076692981
4171.0,537.0,,-4.138713975117712
4171.0,780.0,,4.5112976389836845
4171.0,195.0,,0.2843408614151698
4171.0,1904.0,,2.2358570805285214
4171.0,778.0,,-3.667316690138835
4171.0,748.0,,1.0056036602503826
4171.0,11.0,,-8.01936356513883
4171.0,1584.0,,-9.032769815138828
4171.0,3931.0,,-10.985114654975508
4171.0,2349.0,,-1.3771205114974998
4171.0,2399.0,,4.082483210728013
4171.0,2400.0,,2.5698777865941804
4171.0,141.0,,-42.026723312679
4171.0,1347.0,,-1.1315695360745597
4171.0,15.0,,2.57625250631615
4171.0,47.0,,0.12863559168157
4171.0,85.0,,-58.227997385833405
4171.0,68.0,,3.0724660330160964
4171.0,2981.0,,4.371392150126304
4171.0,3520.0,,-2.645711674132037
780.0,555.0,,1.28301617068463
780.0,72.0,,8.506222712327926
780.0,2558.0,,-4.018540522587444
780.0,341.0,,3.288771607765677
780.0,788.0,,2.578705225551981
780.0,150.0,,8.126282787389595
780.0,2764.0,,10.770322091006484
780.0,2268.0,,-1.7079924892659195
780.0,4169.0,,0.4818926861153796
780.0,161.0,,2.909571615879704
780.0,331.0,,3.4638701625126447
780.0,195.0,,0.234545818833138
780.0,778.0,,-6.80375665420562
780.0,2399.0,,2.3867656203288563
780.0,68.0,,8.516595639930092
195.0,2558.0,,-4.73480639363572
195.0,2268.0,,-5.298137820992945
1904.0,555.0,,9.06196479473671
1904.0,72.0,,-29.5566010055953
1904.0,2558.0,,-6.28528265546294
1904.0,341.0,,-17.913413187947125
1904.0,788.0,,-9.537252047277883
1904.0,150.0,,4.189470730272467
1904.0,2764.0,,-1.14247871795916
1904.0,2268.0,,-18.3859476887181
1904.0,4169.0,,-14.0333668153954
1904.0,161.0,,-4.7670986097982695
1904.0,164.0,,-3.698014379054109
1904.0,466.0,,-34.6887510468037
1904.0,331.0,,-28.56462524457115
1904.0,537.0,,-8.297921303657327
1904.0,780.0,,2.784882821276154
1904.0,195.0,,-7.05851275257892
1904.0,778.0,,4.451188381502471
1904.0,2399.0,,-5.50922925278232
1904.0,85.0,,-12.0403214989924
1904.0,68.0,,-22.01622264801768
778.0,72.0,,-74.07685906723695
778.0,2558.0,,-19.83230570566705
778.0,341.0,,-35.210278786884004
778.0,2764.0,,-18.21537297783333
778.0,2268.0,,-59.187499692236926
778.0,4169.0,,-16.174373805130223
778.0,195.0,,-4.584911786457658
778.0,2399.0,,-17.8309787588918
778.0,68.0,,-38.4046855108897
748.0,555.0,,3.3689181308759384
748.0,72.0,,-0.4123522433138497
748.0,2558.0,,-9.622198194612094
748.0,341.0,,5.749993957548211
748.0,788.0,,4.97308246390601
748.0,150.0,,4.99930697808277
748.0,2764.0,,6.30269189060643
748.0,2268.0,,-6.984630683384408
748.0,4169.0,,1.0754932854872377
748.0,161.0,,3.0892733539396304
748.0,164.0,,3.24294294395136
748.0,466.0,,2.7632455506721376
748.0,331.0,,2.8795647022666
748.0,537.0,,-1.834378405344879
748.0,780.0,,3.53697712174845
748.0,195.0,,-5.60745410383022
748.0,1904.0,,-20.1369219369495
748.0,778.0,,-35.2450054514098
748.0,2399.0,,-5.253952122900138
748.0,2400.0,,-4.520613917066615
748.0,85.0,,-67.1794351466342
748.0,68.0,,2.8111048794113698
11.0,555.0,,1.694286092026451
11.0,2558.0,,-13.155843244146704
11.0,341.0,,-35.449997536884
11.0,788.0,,-45.43886078611548
11.0,150.0,,-1.67652053468703
11.0,2764.0,,-12.568482352833325
11.0,2268.0,,-58.57387795551815
11.0,161.0,,-31.733715560670905
11.0,3753.0,,-12.13012932523009
11.0,164.0,,-17.0373168272921
11.0,466.0,,-51.6132637955208
11.0,331.0,,-23.6237272655931
11.0,537.0,,-15.606000897357
11.0,780.0,,-2.487033319160329
11.0,195.0,,-12.2943553468953
11.0,1904.0,,-0.2956612216991569
11.0,778.0,,3.5610147306192874
11.0,748.0,,-33.7780042857004
11.0,2399.0,,-20.8300412588918
11.0,85.0,,1.4632362789342572
1584.0,555.0,,-0.8320838150569867
1584.0,2558.0,,-21.89805570566705
1584.0,341.0,,-42.414044411884
1584.0,788.0,,-56.4529389111155
1584.0,150.0,,-8.41291115968702
1584.0,2764.0,,-22.3094198528333
1584.0,2268.0,,-63.9847184422369
1584.0,161.0,,-41.6647624356709
1584.0,3753.0,,-22.7743949502301
1584.0,164.0,,-30.1841683897921
1584.0,466.0,,-59.3788887955208
1584.0,331.0,,-43.9439147655931
1584.0,537.0,,-26.022938397357
1584.0,780.0,,-8.998627069160316
1584.0,195.0,,-17.0822303468953
1584.0,1904.0,,-4.995223721699155
1584.0,778.0,,-3.3801642061992423
1584.0,748.0,,-44.0122230357004
1584.0,2399.0,,-22.8585100088918
1584.0,85.0,,0.3365000363028398
3931.0,555.0,,-9.090562754137324
3931.0,2558.0,,-15.7612169302609
3931.0,341.0,,4.33083963664463
3931.0,788.0,,-3.4190585283014974
3931.0,150.0,,-8.46375293112007
3931.0,2764.0,,5.007949445653551
3931.0,2268.0,,0.9619089221884212
3931.0,161.0,,-3.599072483626
3931.0,3753.0,,-12.7493940633112
3931.0,164.0,,-0.246615429073729
3931.0,466.0,,4.1505357634033615
3931.0,331.0,,1.4621775548072662
3931.0,537.0,,-6.076610184455743
3931.0,780.0,,-5.74156559832183
3931.0,195.0,,-13.40521679559361
3931.0,1904.0,,-36.7311454549771
3931.0,778.0,,-35.3134369478216
3931.0,748.0,,3.7440820959398367
3931.0,2399.0,,-6.466485943883917
3931.0,85.0,,-37.0680687261645
2349.0,555.0,,2.3809647269839003
2349.0,2558.0,,-3.2391764421386195
2349.0,341.0,,-0.5408551486725065
2349.0,788.0,,-1.7977693444375396
2349.0,150.0,,-4.51704129563449
2349.0,2764.0,,7.3622211304598
2349.0,2268.0,,-2.9012206434452
2349.0,161.0,,-0.52409118933699
2349.0,164.0,,-0.3336040687620238
2349.0,466.0,,3.39278362810764
2349.0,331.0,,1.0998470789312795
2349.0,537.0,,3.277745269994271
2349.0,780.0,,2.812547520386653
2349.0,195.0,,-9.348944006584
2349.0,1904.0,,-16.6313503468094
2349.0,778.0,,-37.1925135630461
2349.0,748.0,,1.63763023264886
2349.0,2399.0,,-2.78293557367671
2349.0,85.0,,-64.5153482584589
2399.0,72.0,,-1.5340219539579605
2399.0,2558.0,,-3.610509779124704
2399.0,341.0,,-3.7657439302466
2399.0,2268.0,,0.2792231604061804
2399.0,4169.0,,-5.40276017195362
2399.0,195.0,,-0.3214491888615634
2399.0,68.0,,-6.2681376452043
2400.0,555.0,,-39.7773333533803
2400.0,2558.0,,-9.579336137920874
2400.0,341.0,,3.3438494787469626
2400.0,788.0,,-3.9786072516338415
2400.0,150.0,,-18.275602794451
2400.0,2764.0,,3.7148671279344025
2400.0,2268.0,,-3.9914788322571697
2400.0,161.0,,-0.1198821960956251
2400.0,164.0,,-4.383658405171401
2400.0,466.0,,2.669108622576492
2400.0,331.0,,-0.0641416102581285
2400.0,537.0,,-3.3390742839868923
2400.0,780.0,,0.0479302384779899
2400.0,195.0,,-12.829952277365695
2400.0,1904.0,,-27.4738732371619
2400.0,778.0,,-70.78998406723696
2400.0,2399.0,,-9.273863787316698
2400.0,85.0,,-71.03945281723695
141.0,555.0,,-0.5296863036614123
141.0,2558.0,,-4.527845022085559
141.0,341.0,,-36.6850703790414
141.0,788.0,,-30.2900660276797
141.0,150.0,,1.0087231104326235
141.0,2764.0,,-3.765289821555168
141.0,2268.0,,-36.273729160614224
141.0,161.0,,-51.596578889131095
141.0,3753.0,,-21.9577815093905
141.0,164.0,,-20.431261083308
141.0,466.0,,-75.9658892856811
141.0,331.0,,-33.06524990915187
141.0,537.0,,-7.478936400912223
141.0,780.0,,-14.3974429189226
141.0,195.0,,-25.7567142330868
141.0,1904.0,,9.22172894626997
141.0,778.0,,1.1405733490942476
141.0,748.0,,-48.0491631527521
141.0,2399.0,,-8.20011458690471
141.0,85.0,,-9.212880228812118
1347.0,555.0,,-2.6822955856015147
1347.0,2558.0,,0.0356792767531805
1347.0,341.0,,2.7044830811374925
1347.0,788.0,,-4.986440151716565
1347.0,150.0,,1.7394554738839902
1347.0,2764.0,,2.29717775280121
1347.0,2268.0,,-10.165146263627538
1347.0,161.0,,2.1238076014504723
1347.0,3753.0,,-4.0074119873991405
1347.0,164.0,,-0.24188252867912
1347.0,466.0,,-1.27176764440627
1347.0,331.0,,-1.1206951550931132
1347.0,537.0,,-3.2353118874151323
1347.0,780.0,,2.1722655390516503
1347.0,195.0,,-2.5237130446358624
1347.0,1904.0,,-7.030750941301029
1347.0,778.0,,-25.8039528879993
1347.0,748.0,,0.9996455221556492
1347.0,2399.0,,0.6687711601150611
1347.0,85.0,,-37.017741704711874
15.0,555.0,,5.30653544329757
15.0,2558.0,,-7.855781682910754
15.0,341.0,,7.91895282532642
15.0,788.0,,1.0618689875695102
15.0,150.0,,-1.0557887876303007
15.0,2764.0,,9.040818027422231
15.0,2268.0,,4.98369191117914
15.0,161.0,,-9.96735550661751
15.0,3753.0,,-19.247139649018
15.0,164.0,,6.168184503428201
15.0,466.0,,8.825112775815093
15.0,331.0,,4.1461598170060325
15.0,537.0,,-5.0082654620562
15.0,780.0,,10.284876255960006
15.0,195.0,,-33.8722101598328
15.0,1904.0,,-19.711082962842
15.0,778.0,,-23.9172796255024
15.0,748.0,,7.877586465991037
15.0,2399.0,,-3.83131435982904
15.0,85.0,,-31.1175345518752
47.0,555.0,,-34.104510571737
47.0,2558.0,,-20.287300248369
47.0,341.0,,-4.11362550481882
47.0,788.0,,-12.183917747974595
47.0,150.0,,-2.9470413376093103
47.0,2764.0,,3.532542962307165
47.0,2268.0,,1.2786716078870224
47.0,161.0,,-0.3845803487256199
47.0,3753.0,,-18.9561693245825
47.0,164.0,,3.3157292783272703
47.0,466.0,,2.831874535087745
47.0,331.0,,4.628887743354943
47.0,537.0,,-1.1638622362806703
47.0,780.0,,-8.868781264058939
47.0,195.0,,-5.099793635585775
47.0,1904.0,,-18.276780827898
47.0,778.0,,-49.4215324151031
47.0,748.0,,2.091677725307348
47.0,2399.0,,-19.9784963991547
47.0,85.0,,-51.4290932064591
85.0,555.0,,-4.297581198124167
85.0,72.0,,-92.21684344223692
85.0,2558.0,,-17.71368371885095
85.0,341.0,,-39.7672868085144
85.0,788.0,,-53.5807404038342
85.0,150.0,,-7.569180371017252
85.0,2764.0,,-13.7780979863136
85.0,2268.0,,-63.55004656723695
85.0,4169.0,,-39.5984103721229
85.0,161.0,,-69.34609128208339
85.0,164.0,,-21.3526379526747
85.0,466.0,,-78.1573512085576
85.0,331.0,,-35.0132062097956
85.0,537.0,,-30.7909828005679
85.0,780.0,,9.374080735597694
85.0,195.0,,-40.16645283531322
85.0,778.0,,7.153960110832238
85.0,2399.0,,-25.755891525027
85.0,68.0,,-33.0213488353526
68.0,2558.0,,-11.093047142106794
68.0,341.0,,2.160245383071356
68.0,2268.0,,-1.9274272321366028
68.0,195.0,,-4.004958247395573
2981.0,555.0,,-34.627606473506
2981.0,2558.0,,-27.4456254557486
2981.0,341.0,,2.61418875519077
2981.0,788.0,,-7.836019556843362
2981.0,150.0,,-21.4832954679342
2981.0,2764.0,,3.52240050530736
2981.0,2268.0,,-5.86379855021012
2981.0,161.0,,3.167739680444228
2981.0,3753.0,,-1.33031029871259
2981.0,164.0,,-3.35887875703813
2981.0,466.0,,-3.6571099266407625
2981.0,331.0,,-1.5974383971586483
2981.0,537.0,,-3.87441746400804
2981.0,780.0,,-4.738874280454845
2981.0,195.0,,0.0618133100469647
2981.0,1904.0,,-30.6544597019913
2981.0,778.0,,-79.83979656723697
2981.0,748.0,,-4.651749479304613
2981.0,2399.0,,-13.1474490699548
2981.0,85.0,,-93.7833121922369
3520.0,555.0,,-35.5936026245854
3520.0,2558.0,,-11.285232282256096
3520.0,341.0,,2.51972318468766
3520.0,788.0,,-7.89899125937811
3520.0,150.0,,-5.500255857343005
3520.0,2764.0,,0.051101676849389
3520.0,2268.0,,-0.1549097981488651
3520.0,161.0,,2.82232043786604
3520.0,164.0,,4.99866667879306
3520.0,466.0,,-0.7225467073237932
3520.0,331.0,,2.03001657129652
3520.0,537.0,,-6.78191692969449
3520.0,780.0,,-1.3444913441910336
3520.0,195.0,,-2.699950859707905
3520.0,1904.0,,-11.03486217974819
3520.0,778.0,,-49.28097713899062
3520.0,748.0,,3.5365783417592374
3520.0,2399.0,,-13.5180509087034
3520.0,85.0,,-53.0277816908456
555.0,72.0,,-22.1532378040602
555.0,2558.0,,-30.7179740832369
555.0,341.0,,8.513722788188222
555.0,788.0,,-3.3398269046614075
555.0,150.0,,-12.016907593741491
555.0,2764.0,,-14.612881063121405
555.0,2268.0,,-6.993742685576803
555.0,4169.0,,2.535496142880265
555.0,195.0,,3.198434681156217
555.0,778.0,,-0.1044730468907295
555.0,2399.0,,6.369042583886893
555.0,68.0,,-0.7877478799718809
1337.0,555.0,,-1.909472752706
1337.0,2558.0,,-1.42858057450093
1337.0,341.0,,3.1289174455143094
1337.0,788.0,,-0.4483005807194085
1337.0,150.0,,-4.12374516751644
1337.0,2764.0,,6.7339544594265
1337.0,2268.0,,-1.333584443472537
1337.0,161.0,,-2.943042209215197
1337.0,3753.0,,3.365187768308428
1337.0,164.0,,-4.252338528816309
1337.0,466.0,,-0.0426275492594228
1337.0,331.0,,1.2463764247698996
1337.0,537.0,,-7.56796663113689
1337.0,780.0,,-10.530002866438195
1337.0,195.0,,-8.238536893170615
1337.0,1904.0,,-6.31919546075242
1337.0,778.0,,-16.1136337973987
1337.0,748.0,,-0.6138237360822789
1337.0,2399.0,,4.640293432785472
1337.0,85.0,,-56.0556428799105
72.0,2558.0,,-20.2949071741809
72.0,2268.0,,-0.795231412336
72.0,195.0,,-28.2322694548846
341.0,72.0,,5.80967698660398
341.0,2558.0,,-65.0053840165513
341.0,2268.0,,6.716524987371063
341.0,4169.0,,-9.519705995096992
341.0,195.0,,3.974947437261961
788.0,72.0,,-0.6538309737326999
788.0,2558.0,,-68.2003223131994
788.0,341.0,,7.237635413643322
788.0,150.0,,-14.0175475478206
788.0,2764.0,,2.150953029041576
788.0,2268.0,,-4.098660494065419
788.0,4169.0,,-25.1563349798041
788.0,195.0,,-2.057405987174693
788.0,778.0,,-47.71481219223698
788.0,2399.0,,-3.32949329227986
788.0,68.0,,-4.725509317610255
1884.0,555.0,,-10.283374597025688
1884.0,2558.0,,-4.879452546970629
1884.0,341.0,,-2.614555155777168
1884.0,788.0,,-10.929156216543412
1884.0,150.0,,-4.946678259784292
1884.0,2764.0,,7.287494371561863
1884.0,2268.0,,-1.3361326724808225
1884.0,161.0,,2.717413212388497
1884.0,3753.0,,-0.51301745791915
1884.0,164.0,,-5.123724046677989
1884.0,466.0,,-5.227876769471265
1884.0,331.0,,-8.594167954526787
1884.0,537.0,,-13.697398951963706
1884.0,780.0,,-4.946946416749593
1884.0,195.0,,-11.098925592193533
1884.0,1904.0,,-6.542109806661408
1884.0,778.0,,-8.841767376593298
1884.0,748.0,,-3.320874396867377
1884.0,2399.0,,-7.277348477156633
1884.0,85.0,,-35.3577622911747
150.0,72.0,,-20.7355251859669
150.0,2558.0,,1.3586824375960045
150.0,341.0,,-3.5589594242419724
150.0,2764.0,,-3.4020184745790054
150.0,2268.0,,-4.754534725297908
150.0,4169.0,,-0.5046828444630953
150.0,195.0,,1.5388994510395424
150.0,778.0,,-8.588445838951898
150.0,2399.0,,7.65626875214501
150.0,68.0,,-12.6833615866002
2764.0,72.0,,-2.062713421435609
2764.0,2558.0,,-5.8000373605878295
2764.0,341.0,,19.3523254441504
2764.0,2268.0,,6.525526965755115
2764.0,4169.0,,9.855928180673988
2764.0,195.0,,5.994769293047121
2764.0,2399.0,,10.485645430258003
2764.0,68.0,,-50.7595460085244
2268.0,2558.0,,-5.972587239232015
4169.0,2558.0,,2.5274661202538065
4169.0,2268.0,,1.744362955802936
4169.0,195.0,,-3.201335654466361
161.0,555.0,,-5.04205762962767
161.0,72.0,,-10.7597095397236
161.0,2558.0,,-1.7029307654671149
161.0,341.0,,3.496378483643425
161.0,788.0,,-8.15860505268288
161.0,150.0,,2.028420662807611
161.0,2764.0,,7.797354497495323
161.0,2268.0,,0.2582799143228771
161.0,4169.0,,-6.001737645911707
161.0,195.0,,-4.45635932145308
161.0,778.0,,-18.3809194056958
161.0,2399.0,,0.5063451990158598
161.0,68.0,,3.09527573377958
3753.0,555.0,,-1.429591028398776
3753.0,72.0,,-1.0288750892157923
3753.0,2558.0,,-43.7712452061146
3753.0,341.0,,9.037572886819506
3753.0,788.0,,-10.134569623116713
3753.0,150.0,,2.863177513837769
3753.0,2764.0,,19.2174439042658
3753.0,2268.0,,6.235100791062022
3753.0,4169.0,,-25.814122713533926
3753.0,161.0,,3.3832370227234803
3753.0,164.0,,9.60787229562222
3753.0,466.0,,0.0114182849115254
3753.0,331.0,,6.4838741755419775
3753.0,537.0,,-28.6917340654487
3753.0,780.0,,-36.9631754710411
3753.0,195.0,,0.1165713420415699
3753.0,1904.0,,3.252558953193
3753.0,778.0,,-8.103530434271992
3753.0,748.0,,6.05803531773024
3753.0,2349.0,,8.86102695468671
3753.0,2399.0,,11.889384173074497
3753.0,2400.0,,-3.618280105208776
3753.0,85.0,,-26.3699074882746
3753.0,68.0,,11.615765957231304
3753.0,3520.0,,1.2922697985023
164.0,555.0,,6.225858693308775
164.0,72.0,,-10.272909073581763
164.0,2558.0,,-0.9758852746254724
164.0,341.0,,-4.4944603883934295
164.0,788.0,,0.942877027072085
164.0,150.0,,-0.5560073333423947
164.0,2764.0,,-2.510115686066136
164.0,2268.0,,-4.575626917245966
164.0,4169.0,,-0.4488282865523152
164.0,161.0,,3.78926375914813
164.0,331.0,,-4.9553812302969895
164.0,537.0,,-11.364582613869814
164.0,780.0,,-12.260861442865297
164.0,195.0,,-1.7397397145633824
164.0,778.0,,0.7501003256032921
164.0,2399.0,,11.04844980910449
164.0,68.0,,-10.713136546915992
466.0,555.0,,-12.1313962100148
466.0,72.0,,-1.2784110345066304
466.0,2558.0,,-2.79284544998685
466.0,341.0,,4.3268072229040495
466.0,788.0,,-6.0093062992646
466.0,150.0,,-1.7223115192088176
466.0,2764.0,,10.947159352379003
466.0,2268.0,,1.3243373356781376
466.0,4169.0,,4.56256560727557
466.0,161.0,,-2.5373675043047683
466.0,164.0,,-16.7706424098021
466.0,331.0,,8.24095824093898
466.0,537.0,,5.85091110086308
466.0,780.0,,6.356546344225093
466.0,195.0,,-4.83973607822271
466.0,778.0,,-59.8894432828927
466.0,2399.0,,0.3595270027930599
466.0,68.0,,-55.9494843606583
331.0,555.0,,-2.13209961534103
331.0,72.0,,2.16505204641157
331.0,2558.0,,-3.9511123844485496
331.0,341.0,,9.496637921177092
331.0,788.0,,-0.7956853989270405
331.0,150.0,,4.166184818845661
331.0,2764.0,,0.2856214554682723
331.0,2268.0,,0.7487898707567903
331.0,4169.0,,-2.814239139108868
331.0,161.0,,1.7898688085994177
331.0,195.0,,3.05918293962519
331.0,778.0,,-22.58333885239169
331.0,2399.0,,5.85960039247706
331.0,68.0,,-66.1412152348841
4170.0,555.0,,9.899579095286002
4170.0,1337.0,,1.0478480748915795
4170.0,72.0,,-0.2604678896073698
4170.0,2558.0,,1.23994897265816
4170.0,341.0,,9.905418117197016
4170.0,788.0,,3.12746128049059
4170.0,1884.0,,-3.3699875783709774
4170.0,150.0,,11.719678354352494
4170.0,2764.0,,9.366207457279394
4170.0,2268.0,,5.4758540245242
4170.0,4169.0,,8.273208637897193
4170.0,161.0,,2.3806823008209395
4170.0,3753.0,,2.6091621319180103
4170.0,164.0,,6.0274589918995325
4170.0,466.0,,-1.38066068244631
4170.0,331.0,,-1.84601293534236
4170.0,537.0,,-4.608111635726834
4170.0,4171.0,,0.4206719878407897
4170.0,780.0,,2.08012241003089
4170.0,195.0,,3.599064603505
4170.0,1904.0,,-0.1972030499123176
4170.0,778.0,,-10.1286773288781
4170.0,748.0,,-27.6768083612123
4170.0,11.0,,-30.5140054538781
4170.0,1584.0,,-16.7018023288781
4170.0,3931.0,,2.2088541716250294
4170.0,2349.0,,4.51943253895489
4170.0,2399.0,,8.03851843613409
4170.0,2400.0,,-51.65833907252112
4170.0,141.0,,-34.533661838463374
4170.0,1347.0,,-9.552402959588235
4170.0,15.0,,-2.2545325757925685
4170.0,47.0,,-0.5370386151878193
4170.0,85.0,,-52.9403768710822
4170.0,68.0,,-49.0307425023377
4170.0,2981.0,,-1.7445886484099324
4170.0,3520.0,,0.5972924454244806
537.0,555.0,,-28.3128523555323
537.0,72.0,,-6.366064163881763
537.0,2558.0,,-48.7121579456696
537.0,341.0,,-41.1337244424488
537.0,788.0,,-57.2051806113861
537.0,150.0,,1.787852183665659
537.0,2764.0,,0.647402286257986
537.0,2268.0,,-44.6044242567394
537.0,4169.0,,0.5317827268611341
537.0,161.0,,-1.5785485971203248
537.0,331.0,,-0.96659130164478
537.0,780.0,,-6.672826030656463
537.0,195.0,,-3.36848187611369
537.0,778.0,,-58.5303518874578
537.0,2399.0,,-45.8648349265137
537.0,68.0,,-56.0204432875557
4171.0,555.0,,12.064785963976105
4171.0,1337.0,,-7.25068552269752
4171.0,72.0,,-1.7517698632017202
4171.0,2558.0,,-7.4055737611041
4171.0,341.0,,6.72146918137311
4171.0,788.0,,4.72238147017007
4171.0,1884.0,,-3.51826060709981
4171.0,150.0,,1.1517360553057825
4171.0,2764.0,,-1.4865663624549876
4171.0,2268.0,,-6.47184398776313
4171.0,4169.0,,-3.92691684485224
4171.0,161.0,,-5.144378843367552
4171.0,3753.0,,7.28914735569969
4171.0,164.0,,-2.296056146619292
4171.0,466.0,,-9.361003182951205
4171.0,331.0,,1.4620369778015296
4171.0,537.0,,-11.37128946244251
4171.0,780.0,,-3.301272270401
4171.0,195.0,,2.8424153401566423
4171.0,1904.0,,-8.409698186372776
4171.0,778.0,,3.56712969723677
4171.0,748.0,,1.548304412859083
4171.0,11.0,,-23.8137459451648
4171.0,1584.0,,-20.9596521951648
4171.0,3931.0,,-11.797231989019608
4171.0,2349.0,,6.589848604258808
4171.0,2399.0,,8.974231015808884
4171.0,2400.0,,-8.881058289066996
4171.0,141.0,,-13.82914417486675
4171.0,1347.0,,-15.519968393603698
4171.0,15.0,,-6.150771614135922
4171.0,47.0,,-11.381227023318708
4171.0,85.0,,-38.327063658403226
4171.0,68.0,,-59.0245519987308
4171.0,2981.0,,0.7570783722053633
4171.0,3520.0,,-1.5401526085772503
780.0,555.0,,-4.8753345539082815
780.0,72.0,,-3.998453940935422
780.0,2558.0,,-5.33926159553159
780.0,341.0,,5.0558713310944
780.0,788.0,,-46.5014411323517
780.0,150.0,,2.7104557375825094
780.0,2764.0,,3.332418675316705
780.0,2268.0,,-1.2578321547179694
780.0,4169.0,,7.777362115519067
780.0,161.0,,-4.41282153507891
780.0,331.0,,0.1537194225295213
780.0,195.0,,-3.29163133342021
780.0,778.0,,-35.9777582022478
780.0,2399.0,,-45.010103664747504
780.0,68.0,,4.446098749511919
195.0,2558.0,,-4.25589760246862
195.0,2268.0,,-4.88973321492914
1904.0,555.0,,-4.827044764343808
1904.0,72.0,,-4.036845662688208
1904.0,2558.0,,-10.068019757293987
1904.0,341.0,,9.547382825799213
1904.0,788.0,,-3.323217268059092
1904.0,150.0,,1.075595940499677
1904.0,2764.0,,4.6064437043336
1904.0,2268.0,,-4.257009644524617
1904.0,4169.0,,-3.883371185774631
1904.0,161.0,,-1.5973328671987592
1904.0,164.0,,-2.5172936044774805
1904.0,466.0,,-7.166669634046165
1904.0,331.0,,2.654212922315266
1904.0,537.0,,-16.8248431787051
1904.0,780.0,,-9.01141501341639
1904.0,195.0,,-14.5712520479198
1904.0,778.0,,-19.6420814732256
1904.0,2399.0,,3.347266364380398
1904.0,85.0,,-54.181752463662
1904.0,68.0,,-12.035272237588307
778.0,72.0,,-40.5695091541105
778.0,2558.0,,-22.8329563259471
778.0,341.0,,-23.3267251453961
778.0,2764.0,,-27.534473025553723
778.0,2268.0,,-17.280562862322093
778.0,4169.0,,-16.955744736939558
778.0,195.0,,-5.553070544170314
778.0,2399.0,,-3.1954727500797664
778.0,68.0,,-38.3579494538203
748.0,555.0,,11.320558462352905
748.0,72.0,,6.9594800300379225
748.0,2558.0,,-1.7158573541749875
748.0,341.0,,7.8950019841347
748.0,788.0,,3.453177255402957
748.0,150.0,,1.6283583155255623
748.0,2764.0,,4.628252147689301
748.0,2268.0,,-2.1710369399512603
748.0,4169.0,,8.367095193336613
748.0,161.0,,6.255773299881678
748.0,164.0,,-1.79553605372936
748.0,466.0,,20.16341600043389
748.0,331.0,,7.325510845780149
748.0,537.0,,-0.3657817499821112
748.0,780.0,,4.06094017522473
748.0,195.0,,-1.0548210971546577
748.0,1904.0,,-10.860172851357978
748.0,778.0,,-6.54171037144139
748.0,2399.0,,7.886579922843595
748.0,2400.0,,-55.3460034458571
748.0,85.0,,-53.3399129420347
748.0,68.0,,-52.7036516383724
11.0,555.0,,-5.491559819291137
11.0,2558.0,,-10.71920725633601
11.0,341.0,,-26.5936157703961
11.0,788.0,,-52.63732781723695
11.0,150.0,,-19.575949212939697
11.0,2764.0,,-46.26786365055373
11.0,2268.0,,-49.65564023332525
11.0,161.0,,-47.926881883738304
11.0,3753.0,,-13.354652348574108
11.0,164.0,,-15.946761389299812
11.0,466.0,,-80.2770753908334
11.0,331.0,,-63.7247377520643
11.0,537.0,,-55.133992010813
11.0,780.0,,-40.381544487345
11.0,195.0,,-57.3498674191703
11.0,1904.0,,-36.0267840906357
11.0,778.0,,-5.245841305622193
11.0,748.0,,-53.1720586916338
11.0,2399.0,,-25.7805099945225
11.0,85.0,,7.726975310425303
1584.0,555.0,,-11.739153569291116
1584.0,2558.0,,-20.075394756336
1584.0,341.0,,-32.1143501453961
1584.0,788.0,,-45.619212788112
1584.0,150.0,,-19.7457617129397
1584.0,2764.0,,-42.50222302555375
1584.0,2268.0,,-58.79922891223153
1584.0,161.0,,-36.847881883738296
1584.0,3753.0,,-8.570105473574117
1584.0,164.0,,-14.57247232679981
1584.0,466.0,,-62.1084972658334
1584.0,331.0,,-24.5622377520643
1584.0,537.0,,-48.839054510813
1584.0,780.0,,-24.804231987345
1584.0,195.0,,-13.543242419170303
1584.0,1904.0,,-24.5434559656357
1584.0,778.0,,1.64332398555932
1584.0,748.0,,-32.3421055666338
1584.0,2399.0,,-17.460119369522577
1584.0,85.0,,4.053882742033617
3931.0,555.0,,-7.344727037068033
3931.0,2558.0,,-17.4780968023541
3931.0,341.0,,6.029878319433418
3931.0,788.0,,-0.01239136262675
3931.0,150.0,,-19.1234660513161
3931.0,2764.0,,8.449530181434
3931.0,2268.0,,2.5862223619570086
3931.0,161.0,,-4.12790548035421
3931.0,3753.0,,-1.1714465344917475
3931.0,164.0,,-26.410172467199
3931.0,466.0,,3.71365765102377
3931.0,331.0,,5.07374654489073
3931.0,537.0,,-3.0617740327717704
3931.0,780.0,,-4.584667507628311
3931.0,195.0,,-8.253769509541613
3931.0,1904.0,,-22.0438129913468
3931.0,778.0,,-29.927578791990697
3931.0,748.0,,14.1767931531479
3931.0,2399.0,,1.428002912401745
3931.0,85.0,,-31.676211566313903
2349.0,555.0,,8.711300107395886
2349.0,2558.0,,-1.7316339058739236
2349.0,341.0,,6.43576916121977
2349.0,788.0,,-4.6022457849138805
2349.0,150.0,,3.26783653836376
2349.0,2764.0,,9.617927233187824
2349.0,2268.0,,4.71302826802098
2349.0,161.0,,6.444520050697895
2349.0,164.0,,8.673360409724916
2349.0,466.0,,9.398994053502395
2349.0,331.0,,7.032850075016637
2349.0,537.0,,-1.179968277729404
2349.0,780.0,,-3.5928729317563013
2349.0,195.0,,1.309385895230709
2349.0,1904.0,,1.7820262837215977
2349.0,778.0,,-15.2064757581817
2349.0,748.0,,7.61262287827603
2349.0,2399.0,,10.635406251182104
2349.0,85.0,,-32.038245559926104
2399.0,72.0,,8.996509157960201
2399.0,2558.0,,-45.4169902991071
2399.0,341.0,,8.923483791429174
2399.0,2268.0,,6.790797415098945
2399.0,4169.0,,-21.10938614961291
2399.0,195.0,,-0.8660749227209509
2399.0,68.0,,-1.4055937902971705
2400.0,555.0,,3.382708220062198
2400.0,2558.0,,4.612202587896268
2400.0,341.0,,6.77550073948318
2400.0,788.0,,-12.208738281874792
2400.0,150.0,,-5.648527741979887
2400.0,2764.0,,-48.0069483984499
2400.0,2268.0,,-4.870828475389418
2400.0,161.0,,-3.461566888959273
2400.0,164.0,,-7.871555140390905
2400.0,466.0,,-50.794985769853
2400.0,331.0,,-62.1563981198509
2400.0,537.0,,-53.5758914742865
2400.0,780.0,,-10.766225618003888
2400.0,195.0,,-6.15838545854063
2400.0,1904.0,,-14.112910824043098
2400.0,778.0,,-21.13638785417797
2400.0,2399.0,,-3.03048903949859
2400.0,85.0,,-34.5398283439947
141.0,555.0,,3.214273102453083
141.0,2558.0,,4.659143398123264
141.0,341.0,,-5.866147046936165
141.0,788.0,,-6.260637294814642
141.0,150.0,,-13.838909514207412
141.0,2764.0,,-13.81905320380201
141.0,2268.0,,-8.706625989976303
141.0,161.0,,-26.6729155473888
141.0,3753.0,,-20.7789031510127
141.0,164.0,,-4.234519193924419
141.0,466.0,,-40.3378970531805
141.0,331.0,,-21.9337584460376
141.0,537.0,,-61.774343442236926
141.0,780.0,,-31.0771562820146
141.0,195.0,,-24.5400463764457
141.0,1904.0,,-35.4655972731935
141.0,778.0,,14.2416814452337
141.0,748.0,,-25.1112390691041
141.0,2399.0,,-5.677625972776513
141.0,85.0,,4.000246450357775
1347.0,555.0,,-10.322206611545312
1347.0,2558.0,,-23.5910784791875
1347.0,341.0,,-0.3022707132435391
1347.0,788.0,,-16.9516232107997
1347.0,150.0,,-5.688751871883692
1347.0,2764.0,,-9.113766848149814
1347.0,2268.0,,-6.140151331786066
1347.0,161.0,,1.3896508553403302
1347.0,3753.0,,-16.4797687282422
1347.0,164.0,,-1.0687196126958678
1347.0,466.0,,-20.110106173404297
1347.0,331.0,,-5.085205841788174
1347.0,537.0,,-16.7795467856007
1347.0,780.0,,-15.3308884536426
1347.0,195.0,,-5.74911088074203
1347.0,1904.0,,-11.24586760273748
1347.0,778.0,,-32.0558013037314
1347.0,748.0,,-9.088729048825307
1347.0,2399.0,,-2.8295399947169058
1347.0,85.0,,-48.6982286479527
15.0,555.0,,-9.902380030929567
15.0,2558.0,,-7.10893618350076
15.0,341.0,,4.864029258940542
15.0,788.0,,-5.572098630638507
15.0,150.0,,-5.393234781317686
15.0,2764.0,,3.34426996178322
15.0,2268.0,,3.68317075829464
15.0,161.0,,-15.761343641032909
15.0,3753.0,,-10.352078720126691
15.0,164.0,,-11.957304544174091
15.0,466.0,,1.5104328746445566
15.0,331.0,,2.84092019114184
15.0,537.0,,-3.4330123234664693
15.0,780.0,,-8.658630665609921
15.0,195.0,,-12.78644263787329
15.0,1904.0,,-4.956211118691808
15.0,778.0,,-36.4100727586958
15.0,748.0,,15.1219318278376
15.0,2399.0,,-2.9566668870256807
15.0,85.0,,-43.0586083974744
47.0,555.0,,-14.9640488503084
47.0,2558.0,,-21.5118648923585
47.0,341.0,,-0.1967990367467399
47.0,788.0,,-5.492839594578734
47.0,150.0,,-16.4376463352944
47.0,2764.0,,-1.40113997676668
47.0,2268.0,,-4.691266002189063
47.0,161.0,,-7.3339257631268
47.0,3753.0,,-4.09188108834244
47.0,164.0,,-14.8347742697879
47.0,466.0,,0.272389345474731
47.0,331.0,,-1.38750338298701
47.0,537.0,,-6.270290374873509
47.0,780.0,,-11.593942048069994
47.0,195.0,,-6.117151289471493
47.0,1904.0,,-7.255906144607993
47.0,778.0,,-29.2793836436802
47.0,748.0,,3.1672617927020026
47.0,2399.0,,-9.01888331592778
47.0,85.0,,-39.1636448947099
85.0,555.0,,-14.799183680536991
85.0,72.0,,-78.6901403172369
85.0,2558.0,,-19.0753011401984
85.0,341.0,,-25.0623341361701
85.0,788.0,,-25.1584381719252
85.0,150.0,,-12.21572805142891
85.0,2764.0,,-20.5918259071995
85.0,2268.0,,-44.6001993525427
85.0,4169.0,,-35.8819064985637
85.0,161.0,,-67.0453827722589
85.0,164.0,,-10.749888965818403
85.0,466.0,,-70.95899969223697
85.0,331.0,,-24.1799623335318
85.0,537.0,,-80.6853837584596
85.0,780.0,,-27.326347384728003
85.0,195.0,,-25.6198282384674
85.0,778.0,,21.717906719911
85.0,2399.0,,-24.6863539771659
85.0,68.0,,-81.7791747984886
68.0,2558.0,,-70.4957478853352
68.0,341.0,,7.1187454551983
68.0,2268.0,,-64.626089110138
68.0,195.0,,-2.718289272419211
2981.0,555.0,,-11.690442030580902
2981.0,2558.0,,-15.54684546073841
2981.0,341.0,,2.804577563099639
2981.0,788.0,,-45.464136266481
2981.0,150.0,,-7.273316471268737
2981.0,2764.0,,1.52016312422848
2981.0,2268.0,,-3.68735661337345
2981.0,161.0,,-0.7982671967135774
2981.0,3753.0,,-40.9503775120087
2981.0,164.0,,-6.7776352074590775
2981.0,466.0,,-3.728095318254316
2981.0,331.0,,-4.82917376221005
2981.0,537.0,,0.0964937252108626
2981.0,780.0,,-10.029776727220009
2981.0,195.0,,1.6589407474879196
2981.0,1904.0,,-6.0925841785921175
2981.0,778.0,,-88.27785906723693
2981.0,748.0,,-2.45407281605243
2981.0,2399.0,,-37.9908425284528
2981.0,85.0,,-88.44626531723695
3520.0,555.0,,-4.402283513635108
3520.0,2558.0,,-10.773297500404986
3520.0,341.0,,4.02451409714931
3520.0,788.0,,-0.0352711023074598
3520.0,150.0,,-0.43250472809425
3520.0,2764.0,,-0.9963500535149404
3520.0,2268.0,,1.275408777591647
3520.0,161.0,,2.0024257727206902
3520.0,164.0,,-1.533743440702262
3520.0,466.0,,2.2989302527766915
3520.0,331.0,,2.324501133880722
3520.0,537.0,,0.3048195480288985
3520.0,780.0,,-5.333319265582977
3520.0,195.0,,-2.25608818947223
3520.0,1904.0,,-1.10657684435475
3520.0,778.0,,-17.0083964371693
3520.0,748.0,,11.101916948485709
3520.0,2399.0,,0.6685022685743811
3520.0,85.0,,-29.564403990487
555.0,72.0,,-15.9895018806368
555.0,2558.0,,-6.84398119640253
555.0,341.0,,3.22165332572672
555.0,788.0,,-1.253448179947931
555.0,150.0,,20.862975380172102
555.0,2764.0,,7.370746837922913
555.0,2268.0,,-5.977486719813438
555.0,4169.0,,10.781195529472493
555.0,195.0,,-34.3923414946775
555.0,778.0,,0.3552050494520199
555.0,2399.0,,5.24029005270169
555.0,68.0,,-0.9889138211894466
1337.0,555.0,,9.42991406070143
1337.0,2558.0,,-7.914836011279612
1337.0,341.0,,-1.6326011800266027
1337.0,788.0,,3.958805772740785
1337.0,150.0,,7.346829484073405
1337.0,2764.0,,-18.63018451402153
1337.0,2268.0,,1.2017564073227305
1337.0,161.0,,-3.026479726300132
1337.0,3753.0,,2.99720240326824
1337.0,164.0,,-30.6284136071835
1337.0,466.0,,-26.3273282223404
1337.0,331.0,,-10.35227637044188
1337.0,537.0,,-22.5067685351189
1337.0,780.0,,-26.35192266499905
1337.0,195.0,,4.98068712492219
1337.0,1904.0,,-21.966071722615
1337.0,778.0,,-22.0666750423103
1337.0,748.0,,4.851292442470138
1337.0,2399.0,,0.7651023570517446
1337.0,85.0,,-11.82950804575499
72.0,2558.0,,1.8677212151886424
72.0,2268.0,,2.026602138353724
72.0,195.0,,4.77580218747829
341.0,72.0,,7.27152343157316
341.0,2558.0,,5.8059752476904
341.0,2268.0,,2.618005708009292
341.0,4169.0,,8.96393058528917
341.0,195.0,,7.195157201511368
788.0,72.0,,6.21030426922757
788.0,2558.0,,-5.2402601254977
788.0,341.0,,10.509899932333012
788.0,150.0,,0.9257568833003552
788.0,2764.0,,18.222391729472594
788.0,2268.0,,-13.2566285079514
788.0,4169.0,,6.54476576995285
788.0,195.0,,-30.2077591527129
788.0,778.0,,-70.4801273622886
788.0,2399.0,,3.57507777887718
788.0,68.0,,2.9167816712998524
1884.0,555.0,,6.786293487778472
1884.0,2558.0,,1.1523837201660263
1884.0,341.0,,5.733532345329897
1884.0,788.0,,4.6461914165476
1884.0,150.0,,18.8930118653524
1884.0,2764.0,,16.403022014216408
1884.0,2268.0,,3.541968026287708
1884.0,161.0,,16.2215506372412
1884.0,3753.0,,0.0267028874061292
1884.0,164.0,,-2.604859181565791
1884.0,466.0,,2.688694524788483
1884.0,331.0,,7.3329206010293
1884.0,537.0,,10.35783028645708
1884.0,780.0,,2.377547715877677
1884.0,195.0,,5.92192634706542
1884.0,1904.0,,6.04198742923088
1884.0,778.0,,3.2676805991841853
1884.0,748.0,,6.05085635807474
1884.0,2399.0,,4.12858800744665
1884.0,85.0,,1.3316455324608223
150.0,72.0,,2.46904327392028
150.0,2558.0,,12.15526007617419
150.0,341.0,,3.3071144017948324
150.0,2764.0,,27.3539314541811
150.0,2268.0,,0.949608029899589
150.0,4169.0,,19.8508171505454
150.0,195.0,,6.419208067602143
150.0,778.0,,27.835247682252
150.0,2399.0,,14.3086599954311
150.0,68.0,,-0.447289343878519
2764.0,72.0,,10.918610604189125
2764.0,2558.0,,8.987777225186763
2764.0,341.0,,35.5521829915548
2764.0,2268.0,,6.20340798962112
2764.0,4169.0,,11.15865915075371
2764.0,195.0,,9.393169627583738
2764.0,2399.0,,17.9489421333551
2764.0,68.0,,12.12380047825451
2268.0,2558.0,,-2.44464449204654
4169.0,2558.0,,-8.635770232659588
4169.0,2268.0,,-0.5685374421604038
4169.0,195.0,,2.75727507932898
161.0,555.0,,8.607608782576584
161.0,72.0,,18.4414816815128
161.0,2558.0,,7.140241765307475
161.0,341.0,,19.7525639057693
161.0,788.0,,16.136500656518102
161.0,150.0,,-11.896472188745912
161.0,2764.0,,-13.110710177522
161.0,2268.0,,6.3642254015759
161.0,4169.0,,14.703639999368589
161.0,195.0,,7.952161261338968
161.0,778.0,,9.585512668964189
161.0,2399.0,,11.652912979134296
161.0,68.0,,11.7653431484593
3753.0,555.0,,15.4355262263476
3753.0,72.0,,4.43013949944193
3753.0,2558.0,,1.8427912488403204
3753.0,341.0,,11.572272203146696
3753.0,788.0,,2.942615742650635
3753.0,150.0,,25.0560993234134
3753.0,2764.0,,23.608519147537
3753.0,2268.0,,-14.323040098649
3753.0,4169.0,,4.882752115666101
3753.0,161.0,,16.383541630005702
3753.0,164.0,,-0.5983760281726207
3753.0,466.0,,5.093127610216995
3753.0,331.0,,14.4485064443056
3753.0,537.0,,7.98057311955547
3753.0,780.0,,-1.2092740631338297
3753.0,195.0,,-30.5680988207993
3753.0,1904.0,,8.934432200315777
3753.0,778.0,,-31.6621451326654
3753.0,748.0,,11.825265177105194
3753.0,2349.0,,-2.16449255581106
3753.0,2399.0,,6.68629418904381
3753.0,2400.0,,-2.63061157975812
3753.0,85.0,,3.18326238280682
3753.0,68.0,,6.13149312901085
3753.0,3520.0,,3.96484672981867
164.0,555.0,,-6.559234748060785
164.0,72.0,,-5.546876223554072
164.0,2558.0,,-5.719587642261147
164.0,341.0,,-21.3413212167717
164.0,788.0,,-31.0964715921062
164.0,150.0,,12.2448041667715
164.0,2764.0,,16.322820451727786
164.0,2268.0,,-27.58009265097889
164.0,4169.0,,-9.170888803814924
164.0,161.0,,-30.4312990375802
164.0,331.0,,16.6922073132331
164.0,537.0,,12.25233379142342
164.0,780.0,,6.254445874466637
164.0,195.0,,0.405819053598745
164.0,778.0,,-15.809374786347492
164.0,2399.0,,-10.536039414538994
164.0,68.0,,1.201998263281649
466.0,555.0,,8.782691444014123
466.0,72.0,,4.987876302553889
466.0,2558.0,,19.8251431618247
466.0,341.0,,11.13261674384961
466.0,788.0,,1.9957693947539528
466.0,150.0,,1.23196594689544
466.0,2764.0,,12.177873266850977
466.0,2268.0,,3.599104143171859
466.0,4169.0,,0.7323964039191124
466.0,161.0,,18.2586231514847
466.0,164.0,,-10.940390989361518
466.0,331.0,,12.930974091670702
466.0,537.0,,6.24763411425692
466.0,780.0,,-14.57373621813631
466.0,195.0,,4.34860623415187
466.0,778.0,,-19.669514182965
466.0,2399.0,,-1.5418627414373498
466.0,68.0,,3.415726018392799
331.0,555.0,,4.59064634729438
331.0,72.0,,13.678028849149
331.0,2558.0,,12.671843362543584
331.0,341.0,,8.120292428371235
331.0,788.0,,5.99386860709732
331.0,150.0,,25.3725881972414
331.0,2764.0,,23.3303147689252
331.0,2268.0,,11.068521917225908
331.0,4169.0,,-4.874901310524263
331.0,161.0,,32.8186553202399
331.0,195.0,,8.6030364008944
331.0,778.0,,-22.4427099541729
331.0,2399.0,,-0.3822426242128252
331.0,68.0,,14.6087684512954
4170.0,555.0,,-7.441321995548223
4170.0,1337.0,,-51.5740195802078
4170.0,72.0,,-38.124551701066
4170.0,2558.0,,-1.9753869138676503
4170.0,341.0,,-15.899382831721
4170.0,788.0,,-0.4715044067206697
4170.0,1884.0,,9.699935892728616
4170.0,150.0,,22.8052092818901
4170.0,2764.0,,-0.8362241010094447
4170.0,2268.0,,-20.9162290786506
4170.0,4169.0,,5.312027723602768
4170.0,161.0,,5.271631927454902
4170.0,3753.0,,-2.6322554210007825
4170.0,164.0,,-3.432173311864882
4170.0,466.0,,-10.827902383986476
4170.0,331.0,,-10.580356503500504
4170.0,537.0,,0.0624040329345974
4170.0,4171.0,,-15.268500664328574
4170.0,780.0,,-2.685121404412104
4170.0,195.0,,7.27300641506717
4170.0,1904.0,,-7.28729312900307
4170.0,778.0,,10.53055093574878
4170.0,748.0,,-35.6250815672538
4170.0,11.0,,10.654020131415514
4170.0,1584.0,,-7.394272152397292
4170.0,3931.0,,-15.9148778360693
4170.0,2349.0,,-15.4916157322029
4170.0,2399.0,,-2.5848812291679675
4170.0,2400.0,,-24.89345680703289
4170.0,141.0,,-3.045873243817991
4170.0,1347.0,,-28.324780261720925
4170.0,15.0,,-27.9708063054807
4170.0,47.0,,-19.4379651261737
4170.0,85.0,,-11.936351885376205
4170.0,68.0,,-23.8579408682618
4170.0,2981.0,,-8.940279020516323
4170.0,3520.0,,-29.1320067405754
537.0,555.0,,8.885256437945312
537.0,72.0,,-0.03211682713913
537.0,2558.0,,-6.066501033511807
537.0,341.0,,2.44847069108912
537.0,788.0,,1.4852785953947296
537.0,150.0,,26.3239126854782
537.0,2764.0,,13.976302266191
537.0,2268.0,,1.1123079213153604
537.0,4169.0,,12.048701238406704
537.0,161.0,,26.3254353972509
537.0,331.0,,29.4340794913272
537.0,780.0,,-8.894712325831007
537.0,195.0,,7.66521118648876
537.0,778.0,,-8.248953397551595
537.0,2399.0,,-3.12234872592483
537.0,68.0,,3.50256818934086
4171.0,555.0,,12.38796134253559
4171.0,1337.0,,-35.84132031952532
4171.0,72.0,,1.8180031429600607
4171.0,2558.0,,-7.2601346409664895
4171.0,341.0,,-9.343330915003916
4171.0,788.0,,10.537830272006223
4171.0,1884.0,,0.0934601040034552
4171.0,150.0,,15.6166950141809
4171.0,2764.0,,6.883736874410023
4171.0,2268.0,,-2.55650110113473
4171.0,4169.0,,3.040602476039525
4171.0,161.0,,5.7021970093324
4171.0,3753.0,,3.12148286297914
4171.0,164.0,,-1.41790512667156
4171.0,466.0,,-9.969778784598244
4171.0,331.0,,6.269932184847137
4171.0,537.0,,-4.87849202695657
4171.0,780.0,,-10.169698010255315
4171.0,195.0,,4.37665997865383
4171.0,1904.0,,4.762938758775761
4171.0,778.0,,-3.502738750593257
4171.0,748.0,,-0.6328316623677299
4171.0,11.0,,-12.397285981170697
4171.0,1584.0,,4.185959426856073
4171.0,3931.0,,-20.6969361277595
4171.0,2349.0,,-8.432164215960215
4171.0,2399.0,,-7.724971108195637
4171.0,2400.0,,-11.0793649863182
4171.0,141.0,,-20.9020317293652
4171.0,1347.0,,-15.4652810550157
4171.0,15.0,,-8.830436539355292
4171.0,47.0,,-11.564112473393005
4171.0,85.0,,-3.2556416245562927
4171.0,68.0,,-0.07109875461243
4171.0,2981.0,,-0.6564288915185164
4171.0,3520.0,,-15.8976883076339
780.0,555.0,,7.14682795317305
780.0,72.0,,14.0855252848338
780.0,2558.0,,5.74235511135587
780.0,341.0,,6.233226942682718
780.0,788.0,,-0.3492934700683807
780.0,150.0,,23.6332777120404
780.0,2764.0,,-9.03593542384752
780.0,2268.0,,4.38721462421577
780.0,4169.0,,-1.4973999790923298
780.0,161.0,,24.5695361867105
780.0,331.0,,-12.686734912641386
780.0,195.0,,5.51764817483813
780.0,778.0,,-27.515645167468005
780.0,2399.0,,-0.6663266724654806
780.0,68.0,,14.5773733305459
195.0,2558.0,,4.74831506576476
195.0,2268.0,,5.03580091311848
1904.0,555.0,,13.6086609790376
1904.0,72.0,,3.712118130030241
1904.0,2558.0,,-3.31624579198993
1904.0,341.0,,4.633228329121105
1904.0,788.0,,3.38907825845973
1904.0,150.0,,12.76727359252569
1904.0,2764.0,,10.733271008568783
1904.0,2268.0,,3.3325830619849297
1904.0,4169.0,,-6.176709267458312
1904.0,161.0,,-6.911270009872229
1904.0,164.0,,-0.76224070001132
1904.0,466.0,,-2.89623478115426
1904.0,331.0,,6.3802790147810375
1904.0,537.0,,0.1712476755168508
1904.0,780.0,,-3.8245471563561697
1904.0,195.0,,-5.49989079989857
1904.0,778.0,,-24.0368173812343
1904.0,2399.0,,7.087054520383139
1904.0,85.0,,-1.5773954788450573
1904.0,68.0,,1.1701831126551885
778.0,72.0,,-38.4285884555512
778.0,2558.0,,-38.3743668169993
778.0,341.0,,-13.486592431397996
778.0,2764.0,,6.708692644524692
778.0,2268.0,,-22.0151630277838
778.0,4169.0,,14.181184469878852
778.0,195.0,,-43.1124806463462
778.0,2399.0,,-19.387727574958213
778.0,68.0,,-27.8624664620067
748.0,555.0,,2.511685764513322
748.0,72.0,,23.1360290662045
748.0,2558.0,,13.351301207171105
748.0,341.0,,16.0843417720679
748.0,788.0,,15.196627519757593
748.0,150.0,,23.5980307285825
748.0,2764.0,,13.156735545725194
748.0,2268.0,,8.310621964870116
748.0,4169.0,,6.8547450074915925
748.0,161.0,,26.0352181677054
748.0,164.0,,15.20453104762641
748.0,466.0,,12.529559923741193
748.0,331.0,,29.4612939155266
748.0,537.0,,14.499320312823908
748.0,780.0,,18.9144740396585
748.0,195.0,,6.55473432388114
748.0,1904.0,,-9.006236015221715
748.0,778.0,,0.0013561946455599
748.0,2399.0,,7.65176512734209
748.0,2400.0,,3.39768702052171
748.0,85.0,,-1.6526427305960882
748.0,68.0,,9.87080242238379
11.0,555.0,,-18.0613693900078
11.0,2558.0,,-44.5326965984848
11.0,341.0,,-53.0501536742886
11.0,788.0,,-66.25404402127751
11.0,150.0,,-45.1892992326848
11.0,2764.0,,-22.1191841896806
11.0,2268.0,,-61.54559524379943
11.0,161.0,,-60.6532658634343
11.0,3753.0,,-30.0473468421044
11.0,164.0,,-37.6840483339408
11.0,466.0,,-72.50414619543639
11.0,331.0,,-40.1348898813703
11.0,537.0,,-16.3378293354434
11.0,780.0,,-33.188044950158
11.0,195.0,,-48.02530877134621
11.0,1904.0,,-37.0916456402331
11.0,778.0,,-1.2524582895770715
11.0,748.0,,-41.1861345345933
11.0,2399.0,,-51.6176523541207
11.0,85.0,,7.992853880581504
1584.0,555.0,,11.448936783627412
1584.0,2558.0,,-7.5144284874316
1584.0,341.0,,-2.1290631404976628
1584.0,788.0,,-4.168244723857687
1584.0,150.0,,10.22996639231518
1584.0,2764.0,,-1.881796784369956
1584.0,2268.0,,-11.301543140303712
1584.0,161.0,,-14.505298326359307
1584.0,3753.0,,-4.16184837333146
1584.0,164.0,,-21.1313863866567
1584.0,466.0,,-4.487259435891073
1584.0,331.0,,-8.6364684845567
1584.0,537.0,,-2.8785110065220976
1584.0,780.0,,-13.101421269279893
1584.0,195.0,,1.1073318536538237
1584.0,1904.0,,2.4937446301663
1584.0,778.0,,-10.221680463229816
1584.0,748.0,,-28.2168845345933
1584.0,2399.0,,-8.43925107682909
1584.0,85.0,,-9.169052045892386
3931.0,555.0,,-20.8211385642691
3931.0,2558.0,,0.6573751922377102
3931.0,341.0,,-9.82522473005339
3931.0,788.0,,-17.1530375427184
3931.0,150.0,,4.8044544120037855
3931.0,2764.0,,9.415044975050796
3931.0,2268.0,,3.96104236870121
3931.0,161.0,,10.10132534382918
3931.0,3753.0,,-23.9610739784689
3931.0,164.0,,-0.4837634972387704
3931.0,466.0,,7.48753227745714
3931.0,331.0,,11.042487357324315
3931.0,537.0,,-9.022271052670792
3931.0,780.0,,2.1228996799358195
3931.0,195.0,,4.880735994442633
3931.0,1904.0,,-6.38953653761182
3931.0,778.0,,-40.0655159652462
3931.0,748.0,,6.997694829710592
3931.0,2399.0,,-14.7148632154205
3931.0,85.0,,-5.14477128943358
2349.0,555.0,,-3.20540640290798
2349.0,2558.0,,5.21652177466283
2349.0,341.0,,5.753238127284868
2349.0,788.0,,5.969793259814278
2349.0,150.0,,10.94280190211161
2349.0,2764.0,,13.5796767773665
2349.0,2268.0,,8.721449298160419
2349.0,161.0,,17.3160274268824
2349.0,164.0,,-0.59826653444668
2349.0,466.0,,5.632343837119914
2349.0,331.0,,18.9759877675318
2349.0,537.0,,5.3476302691961
2349.0,780.0,,4.1868027475298
2349.0,195.0,,6.048121705190702
2349.0,1904.0,,-4.42523660367363
2349.0,778.0,,-17.4529550478114
2349.0,748.0,,17.8275150889325
2349.0,2399.0,,-1.0602267869699424
2349.0,85.0,,-5.931128090028845
2399.0,72.0,,0.7081479047189627
2399.0,2558.0,,-6.932230385661877
2399.0,341.0,,2.691067392315893
2399.0,2268.0,,-8.340699732599766
2399.0,4169.0,,-0.0464356099595022
2399.0,195.0,,-33.0967219455959
2399.0,68.0,,0.0002342610429699
2400.0,555.0,,-12.0841140362079
2400.0,2558.0,,5.311336303210748
2400.0,341.0,,4.271740061874483
2400.0,788.0,,0.2406622147677463
2400.0,150.0,,-3.20494899253452
2400.0,2764.0,,0.4125688684725248
2400.0,2268.0,,-2.72662403076386
2400.0,161.0,,-0.7024251284758601
2400.0,164.0,,-19.6438153306501
2400.0,466.0,,6.0480122993371
2400.0,331.0,,3.432790689248105
2400.0,537.0,,-5.354392230839673
2400.0,780.0,,-7.89096032602832
2400.0,195.0,,0.4903220732908038
2400.0,1904.0,,-9.59457695211007
2400.0,778.0,,-16.5684816620172
2400.0,2399.0,,-6.71193353435111
2400.0,85.0,,-4.0664939595412
141.0,555.0,,-0.8803101843223277
141.0,2558.0,,-41.4378246436068
141.0,341.0,,-43.3783000760417
141.0,788.0,,-34.029513584495305
141.0,150.0,,26.3408748229104
141.0,2764.0,,-20.626700735478025
141.0,2268.0,,-75.20917156723692
141.0,161.0,,-3.9183201965775
141.0,3753.0,,-32.2780902408972
141.0,164.0,,-66.97620281723695
141.0,466.0,,-72.59614031723697
141.0,331.0,,-78.79279938129639
141.0,537.0,,-24.011939569248906
141.0,780.0,,-71.7042998736528
141.0,195.0,,-48.6041745671516
141.0,1904.0,,-64.40935906723692
141.0,778.0,,-1.55553486302107
141.0,748.0,,-67.80071844223693
141.0,2399.0,,-33.2904971311651
141.0,85.0,,-21.026739514459205
1347.0,555.0,,-11.627852293375106
1347.0,2558.0,,-1.050835896090013
1347.0,341.0,,-2.7755541090232616
1347.0,788.0,,-3.76869243372487
1347.0,150.0,,-24.0025602947335
1347.0,2764.0,,-3.39351634746972
1347.0,2268.0,,-3.68819111952276
1347.0,161.0,,-10.348851089099195
1347.0,3753.0,,-4.96315081581451
1347.0,164.0,,-10.084714412970705
1347.0,466.0,,-5.952219204392106
1347.0,331.0,,2.9435619902568675
1347.0,537.0,,-6.64106342928665
1347.0,780.0,,-13.89545012709739
1347.0,195.0,,-13.14588957202071
1347.0,1904.0,,-17.9301806939312
1347.0,778.0,,-23.63449153749625
1347.0,748.0,,3.63639061026448
1347.0,2399.0,,-7.77837361829574
1347.0,85.0,,-13.3744063527125
15.0,555.0,,-5.13149579649979
15.0,2558.0,,2.8812795254916
15.0,341.0,,3.989085734226419
15.0,788.0,,1.8788225505295808
15.0,150.0,,8.65061906310139
15.0,2764.0,,9.091136244659808
15.0,2268.0,,1.028513070623019
15.0,161.0,,14.6253268278956
15.0,3753.0,,-6.29196269993343
15.0,164.0,,0.5775894362287487
15.0,466.0,,5.25699334945619
15.0,331.0,,14.739141403929
15.0,537.0,,-12.33795972153071
15.0,780.0,,4.84191367876359
15.0,195.0,,5.711542325169355
15.0,1904.0,,0.7410180632873675
15.0,778.0,,-25.3646718769817
15.0,748.0,,16.1399266276244
15.0,2399.0,,-3.67324790216596
15.0,85.0,,-7.741644915594322
47.0,555.0,,-4.241955395888815
47.0,2558.0,,6.801318691756808
47.0,341.0,,9.601160734018396
47.0,788.0,,7.949972780455237
47.0,150.0,,11.8419101142359
47.0,2764.0,,11.50348776865918
47.0,2268.0,,3.43696060245487
47.0,161.0,,21.646887861735
47.0,3753.0,,9.212127423001908
47.0,164.0,,0.3823413605248996
47.0,466.0,,-0.8289302838415797
47.0,331.0,,17.5227753307969
47.0,537.0,,11.720442958053402
47.0,780.0,,2.102784125941351
47.0,195.0,,7.779675316613485
47.0,1904.0,,2.165640970586709
47.0,778.0,,-19.06264170529431
47.0,748.0,,15.921552117606376
47.0,2399.0,,2.591480001101679
47.0,85.0,,0.4681216545031476
85.0,555.0,,5.003762297810301
85.0,72.0,,-1.913857978607675
85.0,2558.0,,-14.82387327145861
85.0,341.0,,1.5739675863693798
85.0,788.0,,-14.765845239938104
85.0,150.0,,24.8393069655952
85.0,2764.0,,14.8354148842351
85.0,2268.0,,-13.244931869954687
85.0,4169.0,,-0.92412772510889
85.0,161.0,,-1.347157651735691
85.0,164.0,,-24.310116411908
85.0,466.0,,7.813288966438855
85.0,331.0,,6.7784511130159775
85.0,537.0,,-1.7705379664425611
85.0,780.0,,21.5882906360453
85.0,195.0,,-0.333590600369227
85.0,778.0,,27.3944841744947
85.0,2399.0,,-8.695517557605404
85.0,68.0,,4.43138595999202
68.0,2558.0,,3.5073642111807324
68.0,341.0,,7.631852605097385
68.0,2268.0,,6.914576158769785
68.0,195.0,,2.447777312160375
2981.0,555.0,,-11.592666178461792
2981.0,2558.0,,-1.7123816997421857
2981.0,341.0,,-9.572034212622086
2981.0,788.0,,-16.2223241034958
2981.0,150.0,,0.0581010606778396
2981.0,2764.0,,21.030006271193702
2981.0,2268.0,,0.5408708888833
2981.0,161.0,,23.39050166233465
2981.0,3753.0,,-15.4408575761807
2981.0,164.0,,-50.5478055999414
2981.0,466.0,,-4.024032523222582
2981.0,331.0,,14.888145870157915
2981.0,537.0,,6.678040977440185
2981.0,780.0,,1.89646882481612
2981.0,195.0,,5.65160731686468
2981.0,1904.0,,-6.041584656872668
2981.0,778.0,,-31.1747443512593
2981.0,748.0,,21.9717793270292
2981.0,2399.0,,-15.6041464877414
2981.0,85.0,,-16.771334830542
3520.0,555.0,,-4.724309230409863
3520.0,2558.0,,-6.8742642011237205
3520.0,341.0,,11.013886688830295
3520.0,788.0,,12.720617454753114
3520.0,150.0,,13.650826611816
3520.0,2764.0,,3.615221171361185
3520.0,2268.0,,5.03511853812576
3520.0,161.0,,-13.066371567128112
3520.0,164.0,,-36.56728935344999
3520.0,466.0,,-11.515721103531014
3520.0,331.0,,7.01099482632592
3520.0,537.0,,-1.9916480807285248
3520.0,780.0,,-12.953894166692008
3520.0,195.0,,8.730473925908349
3520.0,1904.0,,-6.669544013298988
3520.0,778.0,,-28.77168505233029
3520.0,748.0,,18.246952913832704
3520.0,2399.0,,-7.979398611953901
3520.0,85.0,,-8.664643101968615
555.0,72.0,,-1.8514274586541424
555.0,2558.0,,-1.009149392544351
555.0,341.0,,8.104795924005687
555.0,788.0,,-2.280606272037345
555.0,150.0,,-7.85748576459366
555.0,2764.0,,8.592169824221797
555.0,2268.0,,-3.05939644496803
555.0,4169.0,,-1.2707680085669597
555.0,195.0,,7.496897546934777
555.0,778.0,,-10.69220478764771
555.0,2399.0,,-6.718583253422708
555.0,68.0,,1.79551664020766
1337.0,555.0,,6.02041623005051
1337.0,2558.0,,-3.35024162523464
1337.0,341.0,,-4.49471013740869
1337.0,788.0,,-2.69685929265916
1337.0,150.0,,-1.0586781571572788
1337.0,2764.0,,8.345781011929015
1337.0,2268.0,,-4.63297317175981
1337.0,161.0,,4.438502448819531
1337.0,3753.0,,8.176476473266195
1337.0,164.0,,2.378266509321015
1337.0,466.0,,-15.4553588894855
1337.0,331.0,,8.276653551473721
1337.0,537.0,,5.154420357766828
1337.0,780.0,,2.1031587460780368
1337.0,195.0,,-3.16327327999872
1337.0,1904.0,,8.808059405388086
1337.0,778.0,,-5.221454294274029
1337.0,748.0,,-0.5918231671883605
1337.0,2399.0,,1.1543574270238914
1337.0,85.0,,-9.590467637925276
72.0,2558.0,,0.1119163431283495
72.0,2268.0,,-3.303971401973228
72.0,195.0,,3.273938290492815
341.0,72.0,,9.088608567938527
341.0,2558.0,,-0.7753422117413475
341.0,2268.0,,4.10832762998042
341.0,4169.0,,2.829994700909175
341.0,195.0,,4.334082149475631
788.0,72.0,,-0.3857703446606433
788.0,2558.0,,-11.9918972637496
788.0,341.0,,0.6088313735101173
788.0,150.0,,-2.95703106953525
788.0,2764.0,,0.0788228909105905
788.0,2268.0,,-7.789833797025035
788.0,4169.0,,-5.09004855261681
788.0,195.0,,-7.19854726167568
788.0,778.0,,-29.3462225747824
788.0,2399.0,,-17.887679422611498
788.0,68.0,,-2.5924992509076827
1884.0,555.0,,-1.709141306827899
1884.0,2558.0,,-1.6286994848763603
1884.0,341.0,,6.47693423558568
1884.0,788.0,,-11.4956648634431
1884.0,150.0,,-0.6721433456771421
1884.0,2764.0,,2.11099613810376
1884.0,2268.0,,-4.592740013275774
1884.0,161.0,,1.4177783885074575
1884.0,3753.0,,3.4098691553188774
1884.0,164.0,,0.82706834502915
1884.0,466.0,,-0.2215599009023779
1884.0,331.0,,3.75892904541898
1884.0,537.0,,-2.7714404601201794
1884.0,780.0,,-0.6903748691668006
1884.0,195.0,,-9.206457608176404
1884.0,1904.0,,5.614470093770086
1884.0,778.0,,-9.991209831657107
1884.0,748.0,,1.659139995067179
1884.0,2399.0,,-3.4407105543133003
1884.0,85.0,,-33.035985686646605
150.0,72.0,,4.3684653597962
150.0,2558.0,,-2.1158835877943547
150.0,341.0,,5.94860530498314
150.0,2764.0,,-0.27496732685102
150.0,2268.0,,1.03773870329983
150.0,4169.0,,-4.972029971058268
150.0,195.0,,2.4221293525624947
150.0,778.0,,-14.7490453929623
150.0,2399.0,,-5.7862836570569
150.0,68.0,,0.7244310980501505
2764.0,72.0,,4.80669905323849
2764.0,2558.0,,-0.2366831525208774
2764.0,341.0,,23.4286804260119
2764.0,2268.0,,1.2639656115955795
2764.0,4169.0,,-0.8231601290411381
2764.0,195.0,,8.27078982148762
2764.0,2399.0,,-2.63981112493983
2764.0,68.0,,7.799024922132807
2268.0,2558.0,,-5.2393694168507
4169.0,2558.0,,-1.9876700538822505
4169.0,2268.0,,-7.414432630153822
4169.0,195.0,,-4.25375096058281
161.0,555.0,,4.68147844050547
161.0,72.0,,5.91531057579072
161.0,2558.0,,-5.87886197355214
161.0,341.0,,8.33037815697136
161.0,788.0,,-1.6012473302145882
161.0,150.0,,8.105079759526623
161.0,2764.0,,9.29609946233251
161.0,2268.0,,-2.0162279672776835
161.0,4169.0,,1.2489206940157715
161.0,195.0,,6.3687280093008
161.0,778.0,,-16.997915677067198
161.0,2399.0,,-3.288312735175456
161.0,68.0,,1.623260844795189
3753.0,555.0,,6.457436784766423
3753.0,72.0,,8.564024384750294
3753.0,2558.0,,-1.341826408583001
3753.0,341.0,,4.84850208919642
3753.0,788.0,,-3.0127752999162074
3753.0,150.0,,-8.74677767847395
3753.0,2764.0,,18.4814836528598
3753.0,2268.0,,-1.7916834279830476
3753.0,4169.0,,2.5159405342713
3753.0,161.0,,2.66131004759279
3753.0,164.0,,9.41841652247169
3753.0,466.0,,-25.7454626790928
3753.0,331.0,,14.113078104691008
3753.0,537.0,,0.0754090907425712
3753.0,780.0,,14.507036138208113
3753.0,195.0,,-4.86726536304703
3753.0,1904.0,,11.104939888088204
3753.0,778.0,,-4.306890005112967
3753.0,748.0,,7.38163217921667
3753.0,2349.0,,6.406003261149127
3753.0,2399.0,,2.046886829661828
3753.0,2400.0,,3.78006271177094
3753.0,85.0,,2.8251915008567523
3753.0,68.0,,-10.990436878432108
3753.0,3520.0,,-2.5065771414329303
164.0,555.0,,8.334307112470103
164.0,72.0,,10.930707732260275
164.0,2558.0,,-2.775324530945241
164.0,341.0,,8.76648771217169
164.0,788.0,,-1.4201759845985702
164.0,150.0,,5.25047431627943
164.0,2764.0,,6.29464181950657
164.0,2268.0,,1.9663675313771103
164.0,4169.0,,-1.888452834635351
164.0,161.0,,6.731344696470738
164.0,331.0,,8.08527079340288
164.0,537.0,,5.10762442245878
164.0,780.0,,-2.1740956777235825
164.0,195.0,,5.25343001777626
164.0,778.0,,-22.434585005035306
164.0,2399.0,,0.8913211980783895
164.0,68.0,,0.0554463941763917
466.0,555.0,,-3.1195345957422824
466.0,72.0,,9.4138094024747
466.0,2558.0,,-0.3296028731871034
466.0,341.0,,7.43439860543098
466.0,788.0,,-4.064915443862432
466.0,150.0,,2.8379978754529698
466.0,2764.0,,4.797252008032518
466.0,2268.0,,-3.29301200386286
466.0,4169.0,,-8.178630600313639
466.0,161.0,,0.2562138219061455
466.0,164.0,,0.8935336328422382
466.0,331.0,,-11.345250089037911
466.0,537.0,,-9.491838545520212
466.0,780.0,,-38.5909852639481
466.0,195.0,,-4.239314533113375
466.0,778.0,,-39.3442473106589
466.0,2399.0,,-9.09288412633693
466.0,68.0,,3.73129941599117
331.0,555.0,,14.626948747132674
331.0,72.0,,8.12847447342498
331.0,2558.0,,-2.311242616414
331.0,341.0,,7.60920822279876
331.0,788.0,,-0.752467724084014
331.0,150.0,,-3.09368397257448
331.0,2764.0,,7.3295060920032995
331.0,2268.0,,-1.8401587884441173
331.0,4169.0,,-1.3130416248364796
331.0,161.0,,12.0041436227313
331.0,195.0,,4.57477803630745
331.0,778.0,,-0.5104214152134452
331.0,2399.0,,3.46625652144776
331.0,68.0,,3.4054069360166
4170.0,555.0,,-4.852064334167393
4170.0,1337.0,,1.6781461595547993
4170.0,72.0,,3.886018814580351
4170.0,2558.0,,-2.8579549911233526
4170.0,341.0,,2.4900467743725
4170.0,788.0,,-5.59335395872837
4170.0,1884.0,,0.8795455566137262
4170.0,150.0,,0.2347225751306317
4170.0,2764.0,,2.93511126251906
4170.0,2268.0,,-3.11032767780749
4170.0,4169.0,,1.00652946261284
4170.0,161.0,,5.7434339898548
4170.0,3753.0,,-4.241836961666389
4170.0,164.0,,7.3591971512301
4170.0,466.0,,-0.2812359793188067
4170.0,331.0,,10.4711656527834
4170.0,537.0,,1.4487113202949222
4170.0,4171.0,,-0.3729623321629446
4170.0,780.0,,5.346355435639747
4170.0,195.0,,3.4764622012925392
4170.0,1904.0,,3.683575152586673
4170.0,778.0,,-7.269102801853618
4170.0,748.0,,0.9172669766313236
4170.0,11.0,,-10.808380145871094
4170.0,1584.0,,-9.657161395871096
4170.0,3931.0,,9.18408570399183
4170.0,2349.0,,3.613629643436425
4170.0,2399.0,,-7.918191365169632
4170.0,2400.0,,6.3508544761733
4170.0,141.0,,-28.1575887794551
4170.0,1347.0,,-4.654286568621043
4170.0,15.0,,3.250361574231894
4170.0,47.0,,2.72932714958525
4170.0,85.0,,-23.14641093748235
4170.0,68.0,,6.71098848469398
4170.0,2981.0,,-0.99660731143098
4170.0,3520.0,,-2.18099206469947
537.0,555.0,,4.834889884483983
537.0,72.0,,1.3706713791443004
537.0,2558.0,,0.518152498593508
537.0,341.0,,0.829073279451224
537.0,788.0,,-7.15513157551283
537.0,150.0,,1.2349322464003236
537.0,2764.0,,9.043611629355617
537.0,2268.0,,-9.282851384151575
537.0,4169.0,,-1.0396864239583603
537.0,161.0,,4.25994611246391
537.0,331.0,,8.241562985721849
537.0,780.0,,-5.851392024713178
537.0,195.0,,2.39924632856661
537.0,778.0,,-8.231833557777477
537.0,2399.0,,-1.264258372504761
537.0,68.0,,-6.80717710831032
4171.0,555.0,,3.55903519292798
4171.0,1337.0,,-0.6990472192954675
4171.0,72.0,,6.42519758544708
4171.0,2558.0,,0.9202461622770638
4171.0,341.0,,5.7186338716808
4171.0,788.0,,-4.349131314135069
4171.0,1884.0,,-5.19160817228931
4171.0,150.0,,2.4817830488897106
4171.0,2764.0,,2.15801274051491
4171.0,2268.0,,-2.6382174441481547
4171.0,4169.0,,-8.077325927132332
4171.0,161.0,,5.4805405741825695
4171.0,3753.0,,5.943775099828183
4171.0,164.0,,5.06599699755046
4171.0,466.0,,1.2892069614729196
4171.0,331.0,,6.80596108575398
4171.0,537.0,,3.62150710166298
4171.0,780.0,,-6.37202563497931
4171.0,195.0,,1.82603788868337
4171.0,1904.0,,4.635947244147877
4171.0,778.0,,-13.373896204735004
4171.0,748.0,,2.13713511792915
4171.0,11.0,,-16.414601039489604
4171.0,1584.0,,-16.085866664489604
4171.0,3931.0,,-0.7769626627758186
4171.0,2349.0,,0.0875539408519339
4171.0,2399.0,,-2.63131581770892
4171.0,2400.0,,10.035675022207492
4171.0,141.0,,-36.9892504719356
4171.0,1347.0,,-0.9923816736772202
4171.0,15.0,,0.9602169550025076
4171.0,47.0,,4.385770647724391
4171.0,85.0,,-38.80864790575525
4171.0,68.0,,7.66584731581813
4171.0,2981.0,,2.28680731743624
4171.0,3520.0,,-2.304684637253435
780.0,555.0,,6.037582715677541
780.0,72.0,,13.241669042168224
780.0,2558.0,,-7.62819040693346
780.0,341.0,,-3.18218663676598
780.0,788.0,,-0.5614334540167856
780.0,150.0,,-14.6583501447802
780.0,2764.0,,-5.904891409767349
780.0,2268.0,,-5.45102262968694
780.0,4169.0,,-1.1991438872498588
780.0,161.0,,0.3170520663727685
780.0,331.0,,2.5349396841143226
780.0,195.0,,-0.7401273980990782
780.0,778.0,,-1.2140688769176498
780.0,2399.0,,6.903494078258915
780.0,68.0,,-10.339310724400104
195.0,2558.0,,-4.22730168227887
195.0,2268.0,,-3.73800815190344
1904.0,555.0,,5.78177911646325
1904.0,72.0,,7.60446516226591
1904.0,2558.0,,-11.3069441130476
1904.0,341.0,,3.3912444633522005
1904.0,788.0,,0.9109805206203018
1904.0,150.0,,-4.78018868379445
1904.0,2764.0,,15.875333603207
1904.0,2268.0,,-0.7249645020829876
1904.0,4169.0,,3.89624816044816
1904.0,161.0,,9.608692891546308
1904.0,164.0,,6.201367090739399
1904.0,466.0,,-16.6662962640019
1904.0,331.0,,19.64367805933049
1904.0,537.0,,5.65185448579308
1904.0,780.0,,4.1070462894808095
1904.0,195.0,,-5.07002123234193
1904.0,778.0,,-2.3085113665810386
1904.0,2399.0,,-1.109081244713626
1904.0,85.0,,-9.0838922689876
1904.0,68.0,,-8.637960183544884
778.0,72.0,,-5.54209139311202
778.0,2558.0,,-20.9998650183709
778.0,341.0,,-34.9732312555821
778.0,2764.0,,-6.97664358160844
778.0,2268.0,,-31.9181307649481
778.0,4169.0,,-15.509313168314875
778.0,195.0,,-15.3280640844647
778.0,2399.0,,-31.5256826927517
778.0,68.0,,-43.5594048414331
748.0,555.0,,1.5425969563478386
748.0,72.0,,6.85683706286882
748.0,2558.0,,-4.190019591715295
748.0,341.0,,6.5221475452771935
748.0,788.0,,-2.72410532943311
748.0,150.0,,-0.1946555488195279
748.0,2764.0,,8.049682703731708
748.0,2268.0,,-13.279145122970087
748.0,4169.0,,7.006960936562519
748.0,161.0,,7.15559182167987
748.0,164.0,,5.822219388068805
748.0,466.0,,2.39773954557747
748.0,331.0,,11.7406321913427
748.0,537.0,,2.623661109471886
748.0,780.0,,-6.01589214761689
748.0,195.0,,0.65942549730304
748.0,1904.0,,3.2032629839680324
748.0,778.0,,-21.943270334948203
748.0,2399.0,,2.60069750602656
748.0,2400.0,,9.519892151210684
748.0,85.0,,-46.3610190584297
748.0,68.0,,7.79361331727207
11.0,555.0,,-3.2706177028427303
11.0,2558.0,,-25.3496040216957
11.0,341.0,,-37.6425281305821
11.0,788.0,,-54.1735554623206
11.0,150.0,,-14.5587882435348
11.0,2764.0,,-17.0052742221369
11.0,2268.0,,-50.1070791591637
11.0,161.0,,-12.56614630267292
11.0,3753.0,,-8.749587076166875
11.0,164.0,,-27.0506721252777
11.0,466.0,,-32.9462194019944
11.0,331.0,,-13.01623022926169
11.0,537.0,,-15.6530395114636
11.0,780.0,,-2.928262006971202
11.0,195.0,,-11.716407834464704
11.0,1904.0,,-0.3966695841100198
11.0,778.0,,-6.407537174813062
11.0,748.0,,-30.377060674607
11.0,2399.0,,-37.4353486501374
11.0,85.0,,-8.890624853011097
1584.0,555.0,,-4.216477077842727
1584.0,2558.0,,-25.0970571466957
1584.0,341.0,,-35.8308406305821
1584.0,788.0,,-48.70311796232061
1584.0,150.0,,-14.5512257435348
1584.0,2764.0,,-12.997867972136897
1584.0,2268.0,,-47.4270341669762
1584.0,161.0,,-14.16344317767291
1584.0,3753.0,,-1.581040201166857
1584.0,164.0,,-27.458640875277705
1584.0,466.0,,-34.1504537769944
1584.0,331.0,,-10.19577710426168
1584.0,537.0,,-16.4060395114636
1584.0,780.0,,-5.562558881971203
1584.0,195.0,,-11.849329709464708
1584.0,1904.0,,-1.81059145911002
1584.0,778.0,,-0.1812246748130712
1584.0,748.0,,-30.939966924607
1584.0,2399.0,,-39.5309111501374
1584.0,85.0,,-8.5748670405111
3931.0,555.0,,-3.2392905454690983
3931.0,2558.0,,-2.71637763779074
3931.0,341.0,,8.291315367648284
3931.0,788.0,,-4.827384433761233
3931.0,150.0,,0.5613860110842213
3931.0,2764.0,,8.810219934166808
3931.0,2268.0,,-2.3572105843906703
3931.0,161.0,,1.5118743207619605
3931.0,3753.0,,-8.720063778903329
3931.0,164.0,,1.317160155661896
3931.0,466.0,,0.9585721908440898
3931.0,331.0,,1.588347676739892
3931.0,537.0,,-11.84224082713441
3931.0,780.0,,-3.5346691736896507
3931.0,195.0,,-5.55615298184662
3931.0,1904.0,,-2.0638189219194776
3931.0,778.0,,-40.0898975798167
3931.0,748.0,,10.148361466911684
3931.0,2399.0,,-7.257000215588293
3931.0,85.0,,-46.0638381228191
2349.0,555.0,,3.293379244183379
2349.0,2558.0,,-1.7032965635940498
2349.0,341.0,,-9.967742861960224
2349.0,788.0,,-17.1481371203517
2349.0,150.0,,-9.787852092839804
2349.0,2764.0,,3.4575557091524574
2349.0,2268.0,,-12.923005246196997
2349.0,161.0,,1.6260198276215088
2349.0,164.0,,5.09804169015134
2349.0,466.0,,-22.5011081848943
2349.0,331.0,,4.86926386344517
2349.0,537.0,,-1.662059539733653
2349.0,780.0,,10.23175248271398
2349.0,195.0,,-2.71638780973762
2349.0,1904.0,,5.358010783982655
2349.0,778.0,,-4.053833286458341
2349.0,748.0,,2.40833261997303
2349.0,2399.0,,2.349936361498707
2349.0,85.0,,1.7757999578314874
2399.0,72.0,,6.278651642665192
2399.0,2558.0,,-0.6056315613085508
2399.0,341.0,,0.1035175332064714
2399.0,2268.0,,-11.0698261757636
2399.0,4169.0,,-1.92783398038722
2399.0,195.0,,-6.30199364140741
2399.0,68.0,,1.4994311890083605
2400.0,555.0,,-8.070625382385415
2400.0,2558.0,,9.33667585330047
2400.0,341.0,,11.655435756552103
2400.0,788.0,,1.9904213400731705
2400.0,150.0,,3.77949341457623
2400.0,2764.0,,7.633279761868319
2400.0,2268.0,,-2.60788982540016
2400.0,161.0,,5.5874978361313
2400.0,164.0,,4.49833063472798
2400.0,466.0,,18.8081103155457
2400.0,331.0,,7.010636578274488
2400.0,537.0,,-4.44118448939852
2400.0,780.0,,-5.54770045505741
2400.0,195.0,,0.0565680158256093
2400.0,1904.0,,3.63298239144684
2400.0,778.0,,-22.1674164450514
2400.0,2399.0,,10.14861743793954
2400.0,85.0,,-15.8565781217052
141.0,555.0,,-1.67795217227741
141.0,2558.0,,-13.9438957933758
141.0,341.0,,-30.6120653981458
141.0,788.0,,-30.202932247605705
141.0,150.0,,-15.4732884024239
141.0,2764.0,,-13.8900030491197
141.0,2268.0,,-38.4781149815238
141.0,161.0,,-20.7504883265807
141.0,3753.0,,-1.326123722321889
141.0,164.0,,-47.1237375166587
141.0,466.0,,-42.3852215674415
141.0,331.0,,-15.8864575286962
141.0,537.0,,-8.648598329203907
141.0,780.0,,-7.20990444845563
141.0,195.0,,-26.2535246436873
141.0,1904.0,,-8.78134716128433
141.0,778.0,,0.0367290929506174
141.0,748.0,,-52.4584515444736
141.0,2399.0,,-28.5404516186144
141.0,85.0,,-8.872426750928275
1347.0,555.0,,-7.958469092132868
1347.0,2558.0,,-4.98147447455365
1347.0,341.0,,-4.458249171525781
1347.0,788.0,,-6.18693662114457
1347.0,150.0,,-6.689438113478083
1347.0,2764.0,,-6.981477067230939
1347.0,2268.0,,-2.8959973001817607
1347.0,161.0,,-6.69843768526712
1347.0,3753.0,,-11.9949180817791
1347.0,164.0,,-4.67875200563694
1347.0,466.0,,-7.32845931134056
1347.0,331.0,,-11.626736365236289
1347.0,537.0,,-14.2265201059874
1347.0,780.0,,-10.133356674551203
1347.0,195.0,,-5.4594519164892095
1347.0,1904.0,,-11.7633439500286
1347.0,778.0,,-21.8377072386926
1347.0,748.0,,-10.59363056084391
1347.0,2399.0,,-7.20206850425026
1347.0,85.0,,-24.6363103421969
15.0,555.0,,4.17180657423521
15.0,2558.0,,4.898528669604847
15.0,341.0,,5.26318453027399
15.0,788.0,,-7.709894319898007
15.0,150.0,,-0.5391012933255606
15.0,2764.0,,4.525633208992383
15.0,2268.0,,0.2419212700326007
15.0,161.0,,2.54670251744594
15.0,3753.0,,3.703236522789669
15.0,164.0,,4.987711152117203
15.0,466.0,,-9.342924259061208
15.0,331.0,,7.830638143865899
15.0,537.0,,2.5833508873921
15.0,780.0,,6.8529913907568725
15.0,195.0,,-0.9257957904415024
15.0,1904.0,,6.845099802901407
15.0,778.0,,-8.219224811732085
15.0,748.0,,6.56887266162752
15.0,2399.0,,5.104069409527313
15.0,85.0,,-0.2699405519697726
47.0,555.0,,-0.4889968426776293
47.0,2558.0,,0.278929083256296
47.0,341.0,,1.6150084334494994
47.0,788.0,,-3.902993936928264
47.0,150.0,,3.02114110520285
47.0,2764.0,,2.130540921764779
47.0,2268.0,,-0.120117533170966
47.0,161.0,,3.7711524728431103
47.0,3753.0,,2.274237251761304
47.0,164.0,,2.38555740004128
47.0,466.0,,3.707042733453455
47.0,331.0,,2.556577390842751
47.0,537.0,,3.07375956815876
47.0,780.0,,-5.24269903889414
47.0,195.0,,-0.3829912439887373
47.0,1904.0,,-1.193485136864899
47.0,778.0,,-21.8052167440223
47.0,748.0,,1.893773836399176
47.0,2399.0,,1.4832484920533142
47.0,85.0,,-14.364002554414
85.0,555.0,,-2.493161504298945
85.0,72.0,,-4.349606180766525
85.0,2558.0,,-11.204010342911705
85.0,341.0,,-28.1385796451729
85.0,788.0,,-33.1029876432159
85.0,150.0,,-16.5909424633001
85.0,2764.0,,-1.06916014460078
85.0,2268.0,,-22.916248209942506
85.0,4169.0,,-29.8943707027284
85.0,161.0,,-20.1020681588018
85.0,164.0,,-36.146336088963
85.0,466.0,,-34.9403784637348
85.0,331.0,,-7.921473181829928
85.0,537.0,,-2.443498248540371
85.0,780.0,,9.091730771120687
85.0,195.0,,-17.4809839024208
85.0,778.0,,-1.3249390022804464
85.0,2399.0,,-27.2413707772497
85.0,68.0,,-30.6462175318646
68.0,2558.0,,3.17667067794641
68.0,341.0,,8.55282314404249
68.0,2268.0,,0.2735249185986846
68.0,195.0,,-1.3785016124161895
2981.0,555.0,,-1.9812463003619705
2981.0,2558.0,,-1.50910074667892
2981.0,341.0,,4.6103737224192
2981.0,788.0,,-4.767950441145995
2981.0,150.0,,1.2940850726716715
2981.0,2764.0,,-0.5827462970218916
2981.0,2268.0,,-4.40616635208298
2981.0,161.0,,5.99365832902339
2981.0,3753.0,,7.837833066713805
2981.0,164.0,,1.421833937302214
2981.0,466.0,,2.094419261231504
2981.0,331.0,,1.9499173454132408
2981.0,537.0,,-2.0942932186532306
2981.0,780.0,,-4.446571698238477
2981.0,195.0,,4.264483753545328
2981.0,1904.0,,-0.6376717735620598
2981.0,778.0,,-19.04039536684349
2981.0,748.0,,1.9744338189917905
2981.0,2399.0,,-0.118730968717326
2981.0,85.0,,-19.5584969862923
3520.0,555.0,,-2.3682943710015003
3520.0,2558.0,,-0.7766232574066613
3520.0,341.0,,4.99650101523536
3520.0,788.0,,-4.03888199629726
3520.0,150.0,,1.2683903651548
3520.0,2764.0,,-0.8909370974930868
3520.0,2268.0,,0.043430496614504
3520.0,161.0,,4.42029799040362
3520.0,164.0,,1.508035431292211
3520.0,466.0,,2.1844537822493693
3520.0,331.0,,1.3994977926999053
3520.0,537.0,,-9.88556214900101
3520.0,780.0,,-8.473670323024113
3520.0,195.0,,1.3540243275288515
3520.0,1904.0,,-0.2649204928792405
3520.0,778.0,,-25.515480173752
3520.0,748.0,,0.4816141066498722
3520.0,2399.0,,-1.0143647750877176
3520.0,85.0,,-18.4182281987276
