,drug_row,drug_col,cell_line_name,synergy_hsa
156727,204.0,604.0,47.0,0.552695553247486
157492,992.0,604.0,47.0,4.86583342505067
158517,1280.0,127.0,47.0,5.38689175915261
158429,753.0,123.0,47.0,5.38694666926189
158289,1790.0,604.0,47.0,4.44725520313967
158274,1775.0,604.0,47.0,-7.02859251686034
157834,1334.0,604.0,47.0,6.24447868811191
157178,673.0,604.0,47.0,3.02374906962407
157086,3101.0,604.0,47.0,7.10485631888818
158459,475.0,788.0,47.0,1.16003461665015
158030,1529.0,604.0,47.0,7.8324589700568
158763,228.0,296.0,47.0,-7.1243616690695
157982,4243.0,604.0,47.0,1.05395233937594
157321,821.0,604.0,47.0,5.66631124512183
157156,624.0,604.0,47.0,-1.46487339686034
157770,1270.0,604.0,47.0,-8.33716100357038
156871,348.0,604.0,47.0,6.32277801404191
156552,27.0,604.0,47.0,1.2503655224477
157254,752.0,604.0,47.0,2.55966224427864
157462,962.0,604.0,47.0,0.155262073223969
158021,1520.0,604.0,47.0,5.08521980466623
158040,1539.0,604.0,47.0,13.1126832793322
158442,407.0,123.0,47.0,1.46517655984666
156536,10.0,604.0,47.0,-4.14578880705234
156607,85.0,604.0,47.0,0.453365888149268
156825,301.0,604.0,47.0,3.12395374146
158154,1655.0,604.0,47.0,-4.82441067093033
156930,409.0,604.0,47.0,-3.57995021804991
156608,86.0,604.0,47.0,-0.313622659032471
158036,1535.0,604.0,47.0,-0.43479404444592
157803,1303.0,604.0,47.0,3.82470409404191
158396,1275.0,316.0,47.0,0.555443049204109
156615,93.0,604.0,47.0,-1.57437732042161
158609,413.0,72.0,47.0,-3.59358153555624
157108,572.0,604.0,47.0,-9.47359496543121
632341,37.0,296.0,48.0,-2.4447285442680986
157494,994.0,604.0,47.0,-0.0563524971716317
158446,413.0,123.0,47.0,-4.99005147473573
158196,1697.0,604.0,47.0,-2.76944072360374
158375,731.0,101.0,47.0,-4.70315816163875
158026,1525.0,604.0,47.0,-5.03622362862374
158824,15.0,1352.0,47.0,6.60845375232344
157334,834.0,604.0,47.0,6.37616614940849
156572,48.0,604.0,47.0,14.2602256048849
157347,847.0,604.0,47.0,-9.77891767686034
157977,1477.0,604.0,47.0,-0.20178822984778
157876,1376.0,604.0,47.0,3.1663311593322
157711,1211.0,604.0,47.0,1.65056552544626
157089,4079.0,604.0,47.0,6.05503534313392
157762,1262.0,604.0,47.0,6.26061433569565
157120,587.0,604.0,47.0,-3.78860976444593
157262,760.0,604.0,47.0,-3.38775420264997
158692,406.0,227.0,47.0,-22.4707655252217
632353,664.0,604.0,48.0,-5.492838506030593
158424,1275.0,123.0,47.0,-1.92852467744418
158613,1352.0,72.0,47.0,-5.6692314888135
157757,1257.0,604.0,47.0,1.49549732595425
158221,1722.0,604.0,47.0,-11.1214293326825
156991,475.0,604.0,47.0,-4.55043476911154
157300,800.0,604.0,47.0,-2.63928315719461
157847,1347.0,604.0,47.0,-4.47398433124163
156869,345.0,604.0,47.0,8.81508166440874
156764,240.0,604.0,47.0,9.80583534610381
158520,31.0,127.0,47.0,8.74945203915262
157303,803.0,604.0,47.0,7.05648986731748
158319,1820.0,604.0,47.0,-12.770658492706
158214,1715.0,604.0,47.0,1.08049651555408
158053,1552.0,604.0,47.0,-9.86370791865629
156666,144.0,604.0,47.0,-0.597438643603726
157523,1023.0,604.0,47.0,3.19531203486386
158389,31.0,101.0,47.0,3.98510390777774
157435,935.0,604.0,47.0,-3.24462700722716
157421,921.0,604.0,47.0,5.36651156412494
632337,753.0,296.0,48.0,10.999598744534728
158597,317.0,72.0,47.0,7.7248275293981
157895,1395.0,604.0,47.0,-10.7198615568603
158628,228.0,475.0,47.0,-10.8822713609377
157869,1369.0,604.0,47.0,5.73759876658526
157952,1452.0,604.0,47.0,-2.73713370592072
156839,315.0,604.0,47.0,10.0938066785206
158402,72.0,316.0,47.0,1.26206527221254
157332,832.0,604.0,47.0,-11.5512643907521
157397,897.0,604.0,47.0,4.48327128248279
158447,31.0,123.0,47.0,4.535117529427
632303,788.0,123.0,47.0,3.912659882786886
157698,1198.0,604.0,47.0,-9.34862831686034
157955,1455.0,604.0,47.0,-1.35107050862373
158666,413.0,731.0,47.0,6.03354866956603
157780,1280.0,604.0,47.0,-1.66983623185073
157224,721.0,604.0,47.0,-0.443903350930327
158528,475.0,37.0,47.0,-8.00392861432731
157362,862.0,604.0,47.0,-0.441147778372512
157705,1205.0,604.0,47.0,2.8931270246531
158083,1583.0,604.0,47.0,20.8329015256499
158183,1684.0,604.0,47.0,-1.30091591395776
157636,1136.0,604.0,47.0,4.35924023142002
157103,567.0,604.0,47.0,-3.12570012675251
158665,228.0,731.0,47.0,0.240552231186501
156829,305.0,604.0,47.0,7.48420505419086
158714,413.0,1330.0,47.0,0.160219100779651
156936,415.0,604.0,47.0,0.24902475324749
158750,419.0,406.0,47.0,8.89798566506873
156776,252.0,604.0,47.0,0.494575655066395
157181,676.0,604.0,47.0,-2.4971174488135
158746,15.0,75.0,47.0,5.10713826805219
157511,1011.0,604.0,47.0,-9.54314115686034
156738,215.0,604.0,47.0,-1.97602828096288
158134,1635.0,604.0,47.0,-4.96022595950121
158353,1854.0,604.0,47.0,1.58419248906967
156555,30.0,604.0,47.0,9.3777380842222
158381,406.0,101.0,47.0,6.49333163808465
158373,475.0,101.0,47.0,-6.36345085368062
156942,423.0,604.0,47.0,2.37097832313966
157739,1239.0,604.0,47.0,0.152537683139665
157259,757.0,604.0,47.0,-12.0694867784118
157821,1321.0,604.0,47.0,-1.10804175686034
158401,753.0,316.0,47.0,-3.02348846184535
157950,1450.0,604.0,47.0,2.61895433880132
157446,946.0,604.0,47.0,-0.24910027587505
157653,1153.0,604.0,47.0,9.03191244727373
157946,1446.0,604.0,47.0,2.35857199511007
156630,108.0,604.0,47.0,-3.91898172288349
158672,227.0,317.0,47.0,3.66846807762359
157361,861.0,604.0,47.0,-2.85165727686034
157145,613.0,604.0,47.0,-13.9776014074163
157130,598.0,604.0,47.0,-26.6611339168603
156585,63.0,604.0,47.0,1.52111467486386
157932,1432.0,604.0,47.0,11.16996912562
157647,1147.0,604.0,47.0,-16.1675135568603
156962,443.0,604.0,47.0,7.60526740466623
158507,317.0,127.0,47.0,-2.83460577112286
156588,66.0,604.0,47.0,-5.85565884312462
158495,296.0,1275.0,47.0,5.24191141217178
156894,372.0,604.0,47.0,3.60978407432259
158123,1624.0,604.0,47.0,6.02073957107535
158674,397.0,317.0,47.0,-15.5778886041712
157959,1459.0,604.0,47.0,5.81701464151919
158379,397.0,101.0,47.0,-0.51068535735044
157481,981.0,604.0,47.0,7.80525076953334
157051,539.0,604.0,47.0,22.4959064147195
157099,562.0,604.0,47.0,-2.02306648953375
158254,1755.0,604.0,47.0,-2.55187267686034
156840,316.0,604.0,47.0,3.47365235496516
157527,1027.0,604.0,47.0,3.10290863513151
632348,1330.0,31.0,48.0,0.7378595291405663
158198,1699.0,604.0,47.0,4.44932636874525
158791,413.0,419.0,47.0,9.01322985448436
157299,799.0,604.0,47.0,5.65815932264957
157683,1183.0,604.0,47.0,4.25464530114126
158524,15.0,127.0,47.0,-10.9609815511023
157972,1472.0,604.0,47.0,-0.76145160953375
157489,989.0,604.0,47.0,6.29222090326965
157537,1037.0,604.0,47.0,-6.10975347686033
632356,453.0,604.0,48.0,1.22860115039622
158461,731.0,788.0,47.0,-5.14665256462311
156892,370.0,604.0,47.0,0.602536958702851
158344,1845.0,604.0,47.0,2.86550404373565
157728,1228.0,604.0,47.0,0.286885969069684
157773,1273.0,604.0,47.0,4.62076296014111
632326,758.0,604.0,48.0,-1.9502996877854213
157487,987.0,604.0,47.0,-3.61363380360374
156700,177.0,604.0,47.0,7.01139172544626
157330,830.0,604.0,47.0,-2.19419223185073
157582,1082.0,604.0,47.0,0.223490315131508
156591,69.0,604.0,47.0,-2.20102623501055
158163,1664.0,604.0,47.0,8.22171609045586
158783,413.0,407.0,47.0,3.77282389894739
157060,550.0,604.0,47.0,3.00355392316787
158689,1330.0,227.0,47.0,-21.8786440912802
156550,25.0,604.0,47.0,3.95192696466623
158283,1784.0,604.0,47.0,5.86798346367054
157291,791.0,604.0,47.0,-1.89849763113081
156757,233.0,604.0,47.0,-1.61325983185073
156623,101.0,604.0,47.0,4.36729285688105
158821,15.0,216.0,47.0,-3.60985204646468
157953,1453.0,604.0,47.0,6.71382519999089
157625,1125.0,604.0,47.0,-5.40926291455373
156696,174.0,604.0,47.0,12.4795090062283
157378,878.0,604.0,47.0,-11.7900835568603
157225,722.0,604.0,47.0,-4.63039215350447
158792,31.0,419.0,47.0,11.8858915918557
156500,37.0,296.0,46.0,7.08396905307011
157014,498.0,604.0,47.0,-2.70128705178563
158079,1579.0,604.0,47.0,-3.76551358757445
156838,314.0,604.0,47.0,-6.10009032953375
158380,75.0,101.0,47.0,6.72520015638528
157022,506.0,604.0,47.0,-1.82701799603096
158293,1794.0,604.0,47.0,-4.34642991686034
157657,1157.0,604.0,47.0,-1.75638512129715
156518,31.0,604.0,46.0,6.29787711623908
157558,1058.0,604.0,47.0,-8.18246324096288
157619,1119.0,604.0,47.0,13.6667547740419
156747,223.0,604.0,47.0,-5.02025479686033
158483,359.0,1275.0,47.0,3.03116469626121
156891,369.0,604.0,47.0,7.48730188906968
157191,686.0,604.0,47.0,-10.6162238368603
158158,1659.0,604.0,47.0,11.1188896818184
157735,1235.0,604.0,47.0,5.24265945113934
158341,1842.0,604.0,47.0,3.19706869225181
156912,390.0,604.0,47.0,-4.02456394426568
157274,772.0,604.0,47.0,-1.13223832605607
156665,143.0,604.0,47.0,-0.740778080009105
156939,418.0,604.0,47.0,9.925098583303
156587,65.0,604.0,47.0,10.9102045792598
156543,18.0,604.0,47.0,0.182656375719166
157074,3243.0,604.0,47.0,6.87648489796897
156674,152.0,604.0,47.0,4.99558294476469
157425,925.0,604.0,47.0,1.3845518795784
158044,1543.0,604.0,47.0,9.99580795387683
158742,31.0,75.0,47.0,-2.92293094883297
158349,1850.0,604.0,47.0,7.41383992422221
158465,397.0,788.0,47.0,-3.28244800711413
158437,397.0,123.0,47.0,-3.4051628220658
157113,579.0,604.0,47.0,7.77052439046625
156703,180.0,604.0,47.0,-1.07521237673036
157712,1212.0,604.0,47.0,0.251257169069673
157658,1158.0,604.0,47.0,6.2111674023153
157608,1108.0,604.0,47.0,0.511717051376259
157738,1238.0,604.0,47.0,0.407653127957208
158425,491.0,123.0,47.0,15.7729532841248
157153,621.0,604.0,47.0,-12.5304742917856
156921,400.0,604.0,47.0,-2.83286687665333
158135,1636.0,604.0,47.0,4.16615183324749
632320,15.0,604.0,47.0,4.0824181448937455
157967,1467.0,604.0,47.0,-4.1875071449336
632332,296.0,604.0,48.0,0.5034667789096768
158544,31.0,37.0,47.0,1.88472183125258
157237,735.0,604.0,47.0,-0.186263905585155
158275,1776.0,604.0,47.0,11.2542135052203
156788,264.0,604.0,47.0,-5.55969235686033
157503,1003.0,604.0,47.0,-7.85594711455375
158800,216.0,1280.0,47.0,-0.021025545200779
158249,1750.0,604.0,47.0,3.97911424580531
156873,350.0,604.0,47.0,-1.77695666592073
157030,514.0,604.0,47.0,6.63804243120444
158782,228.0,407.0,47.0,3.79121701665014
632322,714.0,604.0,48.0,-1.6949558237504132
156868,344.0,604.0,47.0,5.79795977404192
157024,508.0,604.0,47.0,-3.98783896953375
157309,809.0,604.0,47.0,-4.08258011686034
156949,430.0,604.0,47.0,4.93802419025341
157199,694.0,604.0,47.0,8.20116263289426
158572,72.0,753.0,47.0,3.74923549626119
156706,183.0,604.0,47.0,-1.42406927438001
158630,31.0,475.0,47.0,3.19812843663839
157263,761.0,604.0,47.0,8.49912460726983
157437,937.0,604.0,47.0,0.911169292036236
157907,1407.0,604.0,47.0,-8.39674037588816
158498,419.0,1275.0,47.0,3.51315072295178
158706,75.0,1330.0,47.0,-13.0831900643292
157964,1464.0,604.0,47.0,-4.16122768710574
156852,328.0,604.0,47.0,3.28513859761775
157534,1034.0,604.0,47.0,3.29808214228437
157066,557.0,604.0,47.0,3.94059948289346
158032,1531.0,604.0,47.0,6.52666574671532
158257,1758.0,604.0,47.0,-1.14356761037593
156957,438.0,604.0,47.0,5.37007542162749
157799,1299.0,604.0,47.0,-2.24086070062406
156612,90.0,604.0,47.0,4.0274040493981
156639,117.0,604.0,47.0,7.57366291322397
157833,1333.0,604.0,47.0,-1.31542672677602
157443,943.0,604.0,47.0,-1.84478145178562
156932,411.0,604.0,47.0,-5.01176120444592
158419,31.0,316.0,47.0,13.0171197966384
157336,836.0,604.0,47.0,3.62679001758068
157542,1042.0,604.0,47.0,-7.83768620543121
158436,1330.0,123.0,47.0,-1.61800326369042
156739,216.0,604.0,47.0,1.82283228401466
157496,996.0,604.0,47.0,-5.33593692096288
156655,133.0,604.0,47.0,-4.25354031686033
158203,1704.0,604.0,47.0,-7.48356308543121
158074,1574.0,604.0,47.0,17.7529513747321
157926,1426.0,604.0,47.0,-3.78927057529344
632335,788.0,123.0,48.0,-0.9555426184446164
157792,1292.0,604.0,47.0,7.07499200313967
157504,1004.0,604.0,47.0,6.8348686423153
157368,868.0,604.0,47.0,-1.11515688312462
158110,1611.0,604.0,47.0,0.446218724666226
158603,296.0,72.0,47.0,-5.33406178596869
157466,966.0,604.0,47.0,-7.0038608983725
156492,453.0,604.0,46.0,12.8825834563243
158515,407.0,127.0,47.0,-12.2617362953207
157868,1368.0,604.0,47.0,4.82391476523244
156835,311.0,604.0,47.0,5.11784275157023
156846,322.0,604.0,47.0,-0.719113197702521
157423,923.0,604.0,47.0,0.0062618431396692
157271,769.0,604.0,47.0,1.27313664612974
157561,1061.0,604.0,47.0,0.768904550466255
158248,1749.0,604.0,47.0,8.88113970821437
156643,121.0,604.0,47.0,-8.76062687686034
157888,1388.0,604.0,47.0,-9.61851359686034
156886,364.0,604.0,47.0,-2.3137226486035
157900,1400.0,604.0,47.0,-2.02818703710654
157956,1456.0,604.0,47.0,1.16863290402173
157646,1146.0,604.0,47.0,10.4675921008854
158741,413.0,75.0,47.0,6.86273556210619
158336,1837.0,604.0,47.0,-11.7976231568603
158190,1691.0,604.0,47.0,-9.02449191770252
157350,850.0,604.0,47.0,-5.45345956543121
156750,226.0,604.0,47.0,-8.81944992129713
157701,1201.0,604.0,47.0,-2.12022932543122
156677,155.0,604.0,47.0,8.43837670854565
157611,1111.0,604.0,47.0,-0.0757225927262689
157280,778.0,604.0,47.0,4.55139232496713
157134,602.0,604.0,47.0,-0.255487447416347
158371,753.0,101.0,47.0,4.98474577584071
157233,730.0,604.0,47.0,-0.486392392387351
156723,200.0,604.0,47.0,6.88186843120444
158454,127.0,788.0,47.0,-0.72059609822997
157477,977.0,604.0,47.0,-4.22113807686035
156999,483.0,604.0,47.0,-1.3197622412775
156602,80.0,604.0,47.0,8.16721145242554
157626,1126.0,604.0,47.0,5.52695162096754
157590,1090.0,604.0,47.0,-32.6375328368603
156675,153.0,604.0,47.0,5.41642600727374
157009,493.0,604.0,47.0,0.915249160324165
157899,1399.0,604.0,47.0,0.621214275888341
157085,2440.0,604.0,47.0,-1.66051380198736
158814,15.0,413.0,47.0,-3.3659168042922
157319,819.0,604.0,47.0,-6.70207903587504
632314,2892.0,604.0,47.0,-3.893842760962865
157734,1234.0,604.0,47.0,-3.96424108953374
158029,1528.0,604.0,47.0,5.96308731372662
157047,534.0,604.0,47.0,5.21849301488409
158137,1638.0,604.0,47.0,6.86531267968998
156702,179.0,604.0,47.0,-2.64515938003505
156974,458.0,604.0,47.0,1.54834444313967
157213,709.0,604.0,47.0,8.60165714313393
157633,1133.0,604.0,47.0,-5.92256103686033
158529,453.0,37.0,47.0,14.9321353056296
157727,1227.0,604.0,47.0,2.46260857214689
158455,37.0,788.0,47.0,-1.92512803349466
158478,1352.0,788.0,47.0,5.99847757387693
157668,1168.0,604.0,47.0,11.7484883673071
158064,1563.0,604.0,47.0,9.51958204555214
157716,1216.0,604.0,47.0,7.63690315942311
157315,815.0,604.0,47.0,-7.46981818811573
156658,136.0,604.0,47.0,-2.88398937310245
632366,15.0,604.0,48.0,-4.167877568356734
158598,227.0,72.0,47.0,-31.4235739261214
157012,496.0,604.0,47.0,-1.60929952163875
157282,780.0,604.0,47.0,-13.0219903968603
158161,1662.0,604.0,47.0,-1.61052996937905
157478,978.0,604.0,47.0,4.92376731289427
158005,1504.0,604.0,47.0,-1.82952583093033
157256,754.0,604.0,47.0,9.5287473760379
156849,325.0,604.0,47.0,13.5280208876127
158567,31.0,359.0,47.0,3.47466585808002
158790,228.0,419.0,47.0,0.280236048708206
156593,71.0,604.0,47.0,3.54839931873289
156534,8.0,604.0,47.0,4.08860217916894
158654,317.0,731.0,47.0,-26.5107464368603
158834,3932.0,604.0,47.0,6.61734346059894
156645,123.0,604.0,47.0,3.51020065087335
157627,1127.0,604.0,47.0,-2.64305808722714
157612,1112.0,604.0,47.0,3.49409757323709
157763,1263.0,604.0,47.0,-1.39783628444591
158723,914.0,397.0,47.0,-21.0209710454312
158280,1781.0,604.0,47.0,0.960343334190855
156684,162.0,604.0,47.0,11.1513365332371
157383,883.0,604.0,47.0,-1.47141365178563
156845,321.0,604.0,47.0,-1.36995568096287
157877,1377.0,604.0,47.0,-3.30969081794993
158325,1826.0,604.0,47.0,6.42369977796898
158780,419.0,407.0,47.0,6.82475863071042
157648,1148.0,604.0,47.0,3.23112511408907
157453,953.0,604.0,47.0,-2.01359208393618
157530,1030.0,604.0,47.0,3.28050355642962
156924,403.0,604.0,47.0,7.66434527573244
632304,50.0,604.0,47.0,20.494706408113203
157204,700.0,604.0,47.0,0.345023275554082
158673,1330.0,317.0,47.0,-14.3932089082432
158768,1352.0,296.0,47.0,4.15182565473213
158243,1744.0,604.0,47.0,-0.721346562649977
158388,413.0,101.0,47.0,0.461804096261209
158048,1547.0,604.0,47.0,1.70705147870285
157656,1156.0,604.0,47.0,7.48003451735003
157062,552.0,604.0,47.0,1.27732979432259
156955,436.0,604.0,47.0,1.7242760665939
156901,379.0,604.0,47.0,2.6031498828054
157867,1367.0,604.0,47.0,3.41120761796897
158596,731.0,72.0,47.0,-2.04310422095704
158229,1730.0,604.0,47.0,-2.92298022862373
157501,1001.0,604.0,47.0,10.1877467671248
157811,1311.0,604.0,47.0,-5.48135935577779
158720,75.0,397.0,47.0,-0.754568178411746
158728,413.0,397.0,47.0,-0.590385083181538
158071,1571.0,604.0,47.0,6.96945047999088
158827,630.0,604.0,47.0,-4.29491858459528
157827,1327.0,604.0,47.0,-4.46253387735043
156893,371.0,604.0,47.0,2.48562128857958
158648,413.0,453.0,47.0,-5.19597022373879
156880,358.0,604.0,47.0,8.40550550146
158320,1821.0,604.0,47.0,0.165420102828366
158099,1600.0,604.0,47.0,-1.73688681903694
158563,419.0,359.0,47.0,-9.8550529511308
156687,165.0,604.0,47.0,-12.2589305968603
156494,397.0,604.0,46.0,6.63573932881389
156693,171.0,604.0,47.0,-5.96069867093034
157298,798.0,604.0,47.0,-3.94531044857998
156807,283.0,604.0,47.0,9.88628597712622
157934,1434.0,604.0,47.0,6.48724685404192
158165,1666.0,604.0,47.0,1.2642757452438
157323,823.0,604.0,47.0,7.45191575322398
156804,280.0,604.0,47.0,-4.99446947209694
157536,1036.0,604.0,47.0,4.93299211456879
157566,1066.0,604.0,47.0,-11.8946776368603
157910,1410.0,604.0,47.0,-1.93405620096288
156653,131.0,604.0,47.0,-5.85418651686033
158701,216.0,227.0,47.0,-27.8585892115406
157179,674.0,604.0,47.0,7.81429650099641
157684,1184.0,604.0,47.0,-2.4364725140791
158317,1818.0,604.0,47.0,1.73993423965662
632305,1330.0,604.0,47.0,-5.242698241183491
632361,455.0,604.0,48.0,-4.35416621838739
157189,684.0,604.0,47.0,11.016178049577
156654,132.0,604.0,47.0,1.2392041192126
158565,228.0,359.0,47.0,-7.95476781376794
157157,625.0,604.0,47.0,12.9675998846662
156760,236.0,604.0,47.0,1.32747315190714
157382,882.0,604.0,47.0,-2.05696780312462
157463,963.0,604.0,47.0,0.107646788214374
158548,15.0,37.0,47.0,-1.02387691107752
158328,1829.0,604.0,47.0,-6.39169360543121
156998,482.0,604.0,47.0,0.452917610002526
156890,368.0,604.0,47.0,-2.65876599389378
157795,1295.0,604.0,47.0,-0.257870801479364
156856,332.0,604.0,47.0,0.0581430560378999
158063,1562.0,604.0,47.0,-18.1132980668433
158022,1521.0,604.0,47.0,-2.23659580096287
156509,419.0,604.0,46.0,3.89565028469768
158732,1352.0,397.0,47.0,-1.88909170883298
157371,871.0,604.0,47.0,5.0698692671019
157635,1135.0,604.0,47.0,-7.19417284258334
156721,198.0,604.0,47.0,-5.70829759686034
157036,520.0,604.0,47.0,-1.1229798454312
157207,703.0,604.0,47.0,-2.15727088444592
157117,584.0,604.0,47.0,-4.97432859686033
157243,741.0,604.0,47.0,4.25773032993209
157885,1385.0,604.0,47.0,1.29087634195009
157872,1372.0,604.0,47.0,0.163138736895628
158631,216.0,475.0,47.0,-4.82975582240947
157538,1038.0,604.0,47.0,-3.76526644722715
156483,699.0,604.0,46.0,14.1737467665809
157854,1354.0,604.0,47.0,11.8839949340419
158355,1856.0,604.0,47.0,8.4398114493981
157073,2523.0,604.0,47.0,8.12160192474051
156884,362.0,604.0,47.0,7.50624096197032
156485,655.0,604.0,46.0,-3.49535972229075
156758,234.0,604.0,47.0,-11.2038346309303
158119,1620.0,604.0,47.0,-4.5003005144916
157177,672.0,604.0,47.0,-16.6113842454312
156766,242.0,604.0,47.0,-0.879522529533751
156530,4.0,604.0,47.0,-7.4702786937455
157172,667.0,604.0,47.0,-11.0070183654312
156787,263.0,604.0,47.0,5.16995371573243
157603,1103.0,604.0,47.0,8.86227897404191
158739,1280.0,75.0,47.0,-2.95787412790302
156651,129.0,604.0,47.0,2.5423331142111
158460,453.0,788.0,47.0,2.71208847902472
158590,216.0,753.0,47.0,-10.9754690028835
158722,296.0,397.0,47.0,0.136386162555809
157665,1165.0,604.0,47.0,11.1965724881493
157517,1017.0,604.0,47.0,-5.04708411719461
157044,530.0,604.0,47.0,-1.33540743444786
157533,1033.0,604.0,47.0,-1.39329072444592
157784,1284.0,604.0,47.0,-9.49978187686034
158176,1677.0,604.0,47.0,2.52991250731747
157860,1360.0,604.0,47.0,7.10408853815468
158685,216.0,317.0,47.0,-3.96849537391403
157217,713.0,604.0,47.0,3.78011591965662
158600,397.0,72.0,47.0,-0.748950444450095
632329,659.0,604.0,48.0,-3.322917290138413
157312,812.0,604.0,47.0,-15.6652004750329
157032,516.0,604.0,47.0,-1.36620959387026
158724,407.0,397.0,47.0,-3.36250020634963
156956,437.0,604.0,47.0,4.05023209404191
158250,1751.0,604.0,47.0,1.71948727022006
158738,419.0,75.0,47.0,-10.2283252696257
156875,353.0,604.0,47.0,4.88692282772427
158570,1352.0,359.0,47.0,1.22987914158825
157039,524.0,604.0,47.0,4.28764413236339
158129,1630.0,604.0,47.0,-8.04762721178563
156882,360.0,604.0,47.0,-4.68246536411165
156834,310.0,604.0,47.0,2.69396745964622
157345,845.0,604.0,47.0,5.11285160712479
157927,1427.0,604.0,47.0,7.133700123976
158286,1787.0,604.0,47.0,6.86113020495616
157015,499.0,604.0,47.0,7.08473599555408
157184,679.0,604.0,47.0,15.6325975943358
157230,727.0,604.0,47.0,-2.23650791686034
632323,790.0,604.0,48.0,-1.4092105411612306
156947,428.0,604.0,47.0,9.47159276192729
158658,75.0,731.0,47.0,-9.24848277435779
158141,1642.0,604.0,47.0,-6.06616484129714
157752,1252.0,604.0,47.0,4.48198412649553
158622,406.0,475.0,47.0,-8.35135227403543
158417,228.0,316.0,47.0,17.5597140776609
158359,1860.0,604.0,47.0,1.52703684313966
156765,241.0,604.0,47.0,-0.71490027853759
158710,407.0,1330.0,47.0,3.23763391016201
158056,1555.0,604.0,47.0,1.91771423277284
158771,419.0,914.0,47.0,1.50116324264793
157794,1294.0,604.0,47.0,-7.25001639686034
156565,41.0,604.0,47.0,4.04586939851368
156978,462.0,604.0,47.0,5.02752930875837
157214,710.0,604.0,47.0,-5.95541659848081
156507,731.0,604.0,46.0,6.15482850390652
156743,220.0,604.0,47.0,5.8241119750664
632299,420.0,604.0,47.0,-6.365444368547156
156660,138.0,604.0,47.0,-1.80551808078739
157164,648.0,604.0,47.0,-10.1708623609628
157495,995.0,604.0,47.0,-9.60967136096288
157818,1318.0,604.0,47.0,5.07018736162508
157765,1265.0,604.0,47.0,-1.48682991686033
156589,67.0,604.0,47.0,7.96805050401279
158656,1330.0,731.0,47.0,8.58892919987714
156823,299.0,604.0,47.0,6.45636340426594
157671,1171.0,604.0,47.0,8.73618464068685
158015,1514.0,604.0,47.0,3.50962248814927
158627,1280.0,475.0,47.0,-5.31584632081409
157800,1300.0,604.0,47.0,0.929971561818366
158660,296.0,731.0,47.0,10.3738106493875
157276,774.0,604.0,47.0,3.28232412729164
157707,1207.0,604.0,47.0,-1.39885090203102
158118,1619.0,604.0,47.0,-1.76749231503287
158793,216.0,419.0,47.0,-6.38517256689676
632338,753.0,3932.0,48.0,3.906441649824487
158117,1618.0,604.0,47.0,-15.1400739168603
158045,1544.0,604.0,47.0,5.8452828601875
157119,586.0,604.0,47.0,-2.48972560543121
156824,300.0,604.0,47.0,7.15667992999692
157732,1232.0,604.0,47.0,5.07877352817899
157121,589.0,604.0,47.0,1.69597128313967
158050,1549.0,604.0,47.0,10.7719446540419
156941,422.0,604.0,47.0,3.74764235933219
158414,407.0,316.0,47.0,18.7830877974624
157858,1358.0,604.0,47.0,0.0859345591526204
157264,762.0,604.0,47.0,-6.26029347985889
156482,15.0,604.0,46.0,14.1185936062503
156487,59.0,604.0,46.0,6.35307821427926
157941,1441.0,604.0,47.0,-2.76868135686033
156872,349.0,604.0,47.0,8.97964316880213
158096,1597.0,604.0,47.0,-2.64610961903246
157766,1266.0,604.0,47.0,2.80651219555409
157316,816.0,604.0,47.0,8.65859736412495
156943,424.0,604.0,47.0,3.3260194419273
156579,56.0,604.0,47.0,8.35502994145999
156511,788.0,604.0,46.0,8.49069663684019
158202,1703.0,604.0,47.0,-2.80855984953375
157149,617.0,604.0,47.0,4.69159236466622
158694,914.0,227.0,47.0,-55.2596609953464
156551,26.0,604.0,47.0,1.244579083976
157285,783.0,604.0,47.0,-1.0237422798589
156859,335.0,604.0,47.0,10.6207242224804
157375,875.0,604.0,47.0,9.26783278330301
157268,766.0,604.0,47.0,4.52572554096753
156488,758.0,604.0,46.0,12.359245184838
157483,983.0,604.0,47.0,-6.24374212953375
156906,384.0,604.0,47.0,-5.09948675686034
156542,17.0,604.0,47.0,2.89134152814927
158253,1754.0,604.0,47.0,-8.59666823686034
156614,92.0,604.0,47.0,4.53982983387683
156925,404.0,604.0,47.0,-0.784226192726278
156779,255.0,604.0,47.0,3.62004863322398
156746,222.0,604.0,47.0,-6.04436350373879
157978,1478.0,604.0,47.0,-4.13575468411164
157841,1341.0,604.0,47.0,3.89769647621405
157472,972.0,604.0,47.0,-0.910178486273398
632321,31.0,604.0,47.0,5.54390828658698
158487,453.0,1275.0,47.0,0.136319062567573
157147,615.0,604.0,47.0,4.4288672808408
156771,247.0,604.0,47.0,5.02040071142001
157292,792.0,604.0,47.0,-17.6892582996678
158291,1792.0,604.0,47.0,4.46650139639627
157159,627.0,604.0,47.0,-0.669787724111656
158811,216.0,413.0,47.0,7.59544471064282
157239,737.0,604.0,47.0,2.52446198390743
157928,1428.0,604.0,47.0,4.39699581188427
158034,1533.0,604.0,47.0,6.35943339688577
156557,33.0,604.0,47.0,8.30923352082027
157987,1486.0,604.0,47.0,-0.300786889746586
156598,76.0,604.0,47.0,0.922542475732438
157317,817.0,604.0,47.0,-19.0852047168603
156833,309.0,604.0,47.0,-0.691248514079107
157810,1310.0,604.0,47.0,1.12859766731747
156937,416.0,604.0,47.0,9.87917491003087
632319,1584.0,604.0,47.0,17.38707395218795
158521,216.0,127.0,47.0,-8.47783074363445
157539,1039.0,604.0,47.0,4.34417134962407
158493,75.0,1275.0,47.0,4.30850378209648
156619,97.0,604.0,47.0,6.44232759555408
156535,9.0,604.0,47.0,-2.72744916444592
156637,115.0,604.0,47.0,-5.74654808543121
156734,211.0,604.0,47.0,2.20013798096753
156548,23.0,604.0,47.0,-4.5724244807874
157175,670.0,604.0,47.0,-7.01926291455375
156567,43.0,604.0,47.0,13.1470901098453
157839,1339.0,604.0,47.0,5.92635057188428
158340,1841.0,604.0,47.0,12.7084599047647
156709,186.0,604.0,47.0,8.54720286736122
156652,130.0,604.0,47.0,-11.0173141513324
157605,1105.0,604.0,47.0,-39.9677845568603
157475,975.0,604.0,47.0,-2.79650244096288
156646,124.0,604.0,47.0,0.297994167273734
156583,61.0,604.0,47.0,11.7020446171262
632349,419.0,296.0,48.0,-1.1126867637377698
157171,666.0,604.0,47.0,-8.63705407093033
158508,227.0,127.0,47.0,-35.0741938667868
157706,1206.0,604.0,47.0,3.02888478476468
156685,163.0,604.0,47.0,-6.02643303503285
156794,270.0,604.0,47.0,-2.42687465768228
157046,532.0,604.0,47.0,-2.30696054834237
157894,1394.0,604.0,47.0,5.20574888903232
157554,1054.0,604.0,47.0,-8.46662123686034
157931,1431.0,604.0,47.0,-2.20636528444592
156603,81.0,604.0,47.0,3.8626699987225
632333,2100.0,296.0,48.0,3.460683159194225
157398,898.0,604.0,47.0,1.86183403555408
158251,1752.0,604.0,47.0,7.23995656099518
156609,87.0,604.0,47.0,1.57448640727373
157029,513.0,604.0,47.0,1.27936795618517
156575,52.0,604.0,47.0,13.5070776383613
158639,397.0,453.0,47.0,2.96453773339038
158555,227.0,359.0,47.0,-15.5068216725508
157630,1130.0,604.0,47.0,-3.34840197632946
158538,914.0,37.0,47.0,-17.8555006115406
158486,475.0,1275.0,47.0,-4.71716957860147
158426,127.0,123.0,47.0,-25.8797413886884
157433,933.0,604.0,47.0,0.847056980785316
157715,1215.0,604.0,47.0,0.557570247124782
156971,454.0,604.0,47.0,-1.37808532360374
156775,251.0,604.0,47.0,2.99419359324749
158290,1791.0,604.0,47.0,-0.371410596860335
156815,291.0,604.0,47.0,5.28105724585436
158363,316.0,101.0,47.0,-2.51941491735043
156628,106.0,604.0,47.0,1.70709088712478
158405,731.0,316.0,47.0,-3.50394339503211
157324,824.0,604.0,47.0,-5.06698839272627
156795,271.0,604.0,47.0,4.22030839819495
158737,407.0,75.0,47.0,-0.683415972222271
632360,352.0,604.0,48.0,1.6612773771254767
156600,78.0,604.0,47.0,1.86239106040686
156521,1330.0,604.0,46.0,5.78934910513645
158236,1737.0,604.0,47.0,-0.0533495168603408
158481,127.0,1275.0,47.0,-3.56032985767255
157048,535.0,604.0,47.0,-8.13533764519108
157373,873.0,604.0,47.0,-0.858863040009112
157989,1488.0,604.0,47.0,6.5888454788549
158305,1806.0,604.0,47.0,10.1860325288568
156479,347.0,604.0,46.0,13.2104317253941
158120,1621.0,604.0,47.0,2.66612460592089
157853,1353.0,604.0,47.0,2.6599120348569
157862,1362.0,604.0,47.0,-9.03485883533378
156586,64.0,604.0,47.0,10.9878994687584
158016,1515.0,604.0,47.0,8.75895312313967
157328,828.0,604.0,47.0,6.17729527948955
158222,1723.0,604.0,47.0,-5.93711208129715
157788,1288.0,604.0,47.0,7.12354764412495
157442,942.0,604.0,47.0,-8.62386411686034
158069,1569.0,604.0,47.0,11.0694215884547
158206,1707.0,604.0,47.0,-1.58610956096287
158377,227.0,101.0,47.0,-17.7429983168603
158269,1770.0,604.0,47.0,0.109837358702857
156989,473.0,604.0,47.0,-3.55204575686034
158557,397.0,359.0,47.0,-7.04628330658485
158217,1718.0,604.0,47.0,6.17222968211518
158075,1575.0,604.0,47.0,-12.6289403212971
156611,89.0,604.0,47.0,2.0190596185734
157342,842.0,604.0,47.0,3.18126856466623
158453,491.0,788.0,47.0,2.35549115537691
157513,1013.0,604.0,47.0,-2.35171396857998
156559,35.0,604.0,47.0,10.322741908678
157545,1045.0,604.0,47.0,-0.807338598115017
158836,1330.0,296.0,47.0,32.5647321507911
156759,235.0,604.0,47.0,3.74503394261279
156663,141.0,604.0,47.0,4.76896987242487
157838,1338.0,604.0,47.0,1.85007380544626
156953,434.0,604.0,47.0,-5.66551696096287
158178,1679.0,604.0,47.0,1.50983464885683
157904,1404.0,604.0,47.0,-4.34218011686034
158688,15.0,317.0,47.0,-6.62630891703235
632334,2100.0,604.0,48.0,-3.233697889378176
158398,127.0,316.0,47.0,-3.56826900320524
158558,75.0,359.0,47.0,3.46748116666295
156491,352.0,604.0,46.0,12.2004367896039
157049,536.0,604.0,47.0,-5.80099353504013
157365,865.0,604.0,47.0,-0.827855018049906
156801,277.0,604.0,47.0,-0.162703643603736
157585,1085.0,604.0,47.0,-20.0053378768603
156973,457.0,604.0,47.0,3.72174405105185
157618,1118.0,604.0,47.0,5.89835809916894
157637,1137.0,604.0,47.0,-1.46354796312461
158526,753.0,37.0,47.0,15.9352524798512
158668,216.0,731.0,47.0,-6.78689024605609
157064,554.0,604.0,47.0,-12.9187385968603
157996,1495.0,604.0,47.0,-3.41817243686033
157940,1440.0,604.0,47.0,-9.49266820444592
157679,1179.0,604.0,47.0,9.50380631555408
157114,580.0,604.0,47.0,17.8554602338768
157402,902.0,604.0,47.0,0.847026003139662
158719,15.0,1330.0,47.0,2.75012263836125
157567,1067.0,604.0,47.0,-0.7588385245114
157390,890.0,604.0,47.0,-7.51161756096288
157169,663.0,604.0,47.0,-3.15535524216101
157352,852.0,604.0,47.0,-5.66694283185073
158142,1643.0,604.0,47.0,3.02665649137627
158121,1622.0,604.0,47.0,2.27873527642962
157908,1408.0,604.0,47.0,-5.86305999686033
157767,1267.0,604.0,47.0,6.86767829245881
156951,432.0,604.0,47.0,3.40163114483131
157318,818.0,604.0,47.0,-0.732118724445912
158315,1816.0,604.0,47.0,14.3738520355541
156935,414.0,604.0,47.0,-0.90836493283844
157688,1188.0,604.0,47.0,-10.0943362309303
157459,959.0,604.0,47.0,2.84791572739241
157396,896.0,604.0,47.0,-4.76349916663117
157771,1271.0,604.0,47.0,3.15595378875837
157692,1192.0,604.0,47.0,2.01005335639626
158314,1815.0,604.0,47.0,-4.52126187686034
158262,1763.0,604.0,47.0,-8.58639963686034
158313,1814.0,604.0,47.0,-0.663542515333762
158272,1773.0,604.0,47.0,-5.74491823686034
158512,406.0,127.0,47.0,9.07291535473224
158545,216.0,37.0,47.0,-15.4941284468968
157589,1089.0,604.0,47.0,1.85421311324749
156582,60.0,604.0,47.0,9.51567122177003
157945,1445.0,604.0,47.0,-4.87360443221652
157498,998.0,604.0,47.0,-3.51825387686034
158013,1512.0,604.0,47.0,-3.15910236096287
157322,822.0,604.0,47.0,-7.59271443686033
158322,1823.0,604.0,47.0,-5.54387643455373
156554,29.0,604.0,47.0,-2.09218852675251
156648,126.0,604.0,47.0,4.78097868316786
157902,1402.0,604.0,47.0,-2.72103772312461
157650,1150.0,604.0,47.0,-8.87388771686033
158503,31.0,491.0,47.0,7.77149984488487
157509,1009.0,604.0,47.0,3.69128844466623
157993,1492.0,604.0,47.0,-4.6844216134061
157118,585.0,604.0,47.0,5.41290497796898
158618,227.0,475.0,47.0,-23.1024462295634
156922,401.0,604.0,47.0,-0.997263479802102
156969,450.0,604.0,47.0,-7.56283087686033
157760,1260.0,604.0,47.0,2.1396968801979
157599,1099.0,604.0,47.0,5.28825151735003
157516,1016.0,604.0,47.0,1.76119979324749
158775,31.0,914.0,47.0,-4.19044636084738
157082,2678.0,604.0,47.0,2.0261276950664
158245,1746.0,604.0,47.0,-0.192176830601902
158149,1650.0,604.0,47.0,-5.59989955686033
157301,801.0,604.0,47.0,8.14047084412495
156694,172.0,604.0,47.0,16.3359342565504
157914,1414.0,604.0,47.0,6.83941937173532
156527,1.0,604.0,47.0,6.86315136727373
157370,870.0,604.0,47.0,2.27733224500049
156596,74.0,604.0,47.0,3.25588981719069
158837,296.0,296.0,47.0,-6.44324423440383
157981,1481.0,604.0,47.0,-4.88469900096287
157578,1078.0,604.0,47.0,-4.610131943135
158232,1733.0,604.0,47.0,1.10325613239219
157843,1343.0,604.0,47.0,-1.63497776444592
157922,1422.0,604.0,47.0,10.2705241771907
158107,1608.0,604.0,47.0,-5.34231687455374
632318,397.0,604.0,47.0,6.791353333455243
157111,576.0,604.0,47.0,12.3950678295431
156908,386.0,604.0,47.0,-1.32188380543121
157963,1463.0,604.0,47.0,5.75133789737299
156514,3932.0,604.0,46.0,7.83692489918892
157997,1496.0,604.0,47.0,-1.9353259140791
158057,1556.0,604.0,47.0,-5.22379009903247
158681,1280.0,317.0,47.0,-3.41807586006102
157664,1164.0,604.0,47.0,11.0635308725285
156689,167.0,604.0,47.0,7.09062783561738
158626,419.0,475.0,47.0,-0.747470485239819
157973,1473.0,604.0,47.0,4.61456834631939
158038,1537.0,604.0,47.0,-4.73631759686034
157623,1123.0,604.0,47.0,3.84136696412495
157100,564.0,604.0,47.0,4.67916068292408
157672,1172.0,604.0,47.0,-23.7641532007874
157849,1349.0,604.0,47.0,4.46943300257884
157768,1268.0,604.0,47.0,-8.68790795686034
157223,720.0,604.0,47.0,-14.7458068768603
157419,919.0,604.0,47.0,2.40719700727373
157306,806.0,604.0,47.0,9.10779293422413
156773,249.0,604.0,47.0,3.81311786080715
157391,891.0,604.0,47.0,-0.815737523959685
632352,630.0,604.0,48.0,-3.188509893235022
158693,296.0,227.0,47.0,-10.1252060239622
157923,1423.0,604.0,47.0,-0.268796333538495
158797,228.0,1280.0,47.0,-8.57936438203103
158186,1687.0,604.0,47.0,-0.326189166752516
158435,227.0,123.0,47.0,-12.7427907968603
157651,1151.0,604.0,47.0,3.59144107738338
157985,1484.0,604.0,47.0,0.54831300313966
157808,1308.0,604.0,47.0,0.0497576493100402
156616,94.0,604.0,47.0,0.742856702284359
158331,1832.0,604.0,47.0,7.35927224248097
157201,696.0,604.0,47.0,2.95957871999089
157938,1438.0,604.0,47.0,0.453727033368828
157947,1447.0,604.0,47.0,2.75093991621404
157594,1094.0,604.0,47.0,12.2943750178188
157666,1166.0,604.0,47.0,1.20092248814928
157790,1290.0,604.0,47.0,3.2092694401411
158102,1603.0,604.0,47.0,2.43414954146
158115,1616.0,604.0,47.0,1.80018958207151
158817,1352.0,31.0,47.0,-3.58384103185073
157588,1088.0,604.0,47.0,-2.88717446774819
158488,731.0,1275.0,47.0,-6.23202807059345
157543,1043.0,604.0,47.0,3.51325112028596
157394,894.0,604.0,47.0,3.55446224181836
157374,874.0,604.0,47.0,5.23176097173532
157054,542.0,604.0,47.0,5.01595171022005
156812,288.0,604.0,47.0,3.25244044074552
156576,53.0,604.0,47.0,9.84900296999693
158482,37.0,1275.0,47.0,-5.03486167270662
157042,527.0,604.0,47.0,2.45999628412162
156980,464.0,604.0,47.0,-0.167872157684696
156699,176.0,604.0,47.0,3.0115910389664
157782,1282.0,604.0,47.0,-6.08038591686035
158566,413.0,359.0,47.0,-7.99229657966773
158155,1656.0,604.0,47.0,2.67152501137627
158126,1627.0,604.0,47.0,8.74190404466623
157231,728.0,604.0,47.0,1.42561977302996
156558,34.0,604.0,47.0,0.885170963313385
158093,1594.0,604.0,47.0,-0.675365787206917
157573,1073.0,604.0,47.0,-13.5417933557778
158270,1771.0,604.0,47.0,0.0517406428053963
158758,15.0,406.0,47.0,-2.05763930432917
156830,306.0,604.0,47.0,7.11882702313393
156524,296.0,296.0,46.0,3.83725714472123
158303,1804.0,604.0,47.0,7.84231728424364
157313,813.0,604.0,47.0,-2.34308314401319
158661,914.0,731.0,47.0,-10.2041089412678
158409,397.0,316.0,47.0,-0.199826861674946
157699,1199.0,604.0,47.0,-0.958821617541906
158366,1275.0,101.0,47.0,5.8143202394231
157400,900.0,604.0,47.0,-2.97664528129715
156719,196.0,604.0,47.0,10.4496066122518
157631,1131.0,604.0,47.0,7.10634825245881
157058,547.0,604.0,47.0,7.04502192050918
157326,826.0,604.0,47.0,-0.802515996860326
157431,931.0,604.0,47.0,2.53687091965662
158662,407.0,731.0,47.0,-0.602871982873777
158399,37.0,316.0,47.0,0.927867684455638
157387,887.0,604.0,47.0,4.58127823336883
157002,486.0,604.0,47.0,3.65025148181836
157850,1350.0,604.0,47.0,-0.799086524267564
157512,1012.0,604.0,47.0,5.79115668248097
158550,72.0,359.0,47.0,-5.23864790661174
157257,755.0,604.0,47.0,5.70203847669603
156624,102.0,604.0,47.0,-1.03609324677603
157007,491.0,604.0,47.0,-0.222904349846335
158799,31.0,1280.0,47.0,0.395268227777738
157690,1190.0,604.0,47.0,-3.93707907254095
157241,739.0,604.0,47.0,1.01336500749771
158808,1352.0,228.0,47.0,-11.8438648416388
156594,72.0,604.0,47.0,2.62659141609884
157540,1040.0,604.0,47.0,11.5812970081119
158547,1352.0,37.0,47.0,-15.7321808311308
158806,216.0,228.0,47.0,4.68509462505067
157422,922.0,604.0,47.0,0.73629719555408
157109,573.0,604.0,47.0,-45.7237027522165
158066,1565.0,604.0,47.0,9.22289423387683
158127,1628.0,604.0,47.0,-9.14875925903247
156493,455.0,604.0,46.0,8.07937822735019
156981,465.0,604.0,47.0,5.61085626985934
156837,313.0,604.0,47.0,-0.729561125431214
157809,1309.0,604.0,47.0,2.49494008492977
157966,1466.0,604.0,47.0,0.727302172251811
158580,75.0,753.0,47.0,4.38264534261562
157344,844.0,604.0,47.0,1.09502332496713
158439,406.0,123.0,47.0,2.99691387396961
158752,228.0,406.0,47.0,-2.0857979814266
157343,843.0,604.0,47.0,-11.6307373477482
157544,1044.0,604.0,47.0,0.993562087933692
156678,156.0,604.0,47.0,6.55448719573244
157600,1100.0,604.0,47.0,-29.4183845168603
158370,359.0,101.0,47.0,-2.54253205738438
156803,279.0,604.0,47.0,-5.45263587503287
156904,382.0,604.0,47.0,1.59998809404191
158759,914.0,296.0,47.0,-2.25302476444592
157778,1278.0,604.0,47.0,-8.59517191719461
157133,601.0,604.0,47.0,-17.6269557568603
158159,1660.0,604.0,47.0,-6.40582575686034
157748,1248.0,604.0,47.0,-0.306557824933596
157440,940.0,604.0,47.0,2.36709492313966
158582,296.0,753.0,47.0,5.96450046794879
157432,932.0,604.0,47.0,-4.72225747770253
158031,1530.0,604.0,47.0,-4.94384595093033
157979,1479.0,604.0,47.0,0.992569604666236
158802,1352.0,1280.0,47.0,2.66495546772427
632346,1330.0,296.0,48.0,5.913702852057874
157141,609.0,604.0,47.0,0.0119507600087066
156505,1352.0,604.0,46.0,8.27731689296287
156933,412.0,604.0,47.0,1.7092697293981
158067,1566.0,604.0,47.0,5.95984336235963
158112,1613.0,604.0,47.0,0.635641195554085
158501,413.0,1275.0,47.0,0.415629207690336
156911,389.0,604.0,47.0,-1.17534108180506
157025,509.0,604.0,47.0,-2.22100053608492
157080,2675.0,604.0,47.0,11.7108357592126
156753,229.0,604.0,47.0,1.72154375642961
157622,1122.0,604.0,47.0,-6.66649168722715
158009,1508.0,604.0,47.0,3.35707679819495
158393,15.0,101.0,47.0,0.218800071186495
157740,1240.0,604.0,47.0,3.55667929934259
632308,664.0,604.0,47.0,5.745736446761439
156599,77.0,604.0,47.0,2.08119552739315
157736,1236.0,604.0,47.0,-2.84378271185073
157813,1313.0,604.0,47.0,4.92594742401279
157842,1342.0,604.0,47.0,0.541130411139342
158382,296.0,101.0,47.0,0.658504767844711
158108,1609.0,604.0,47.0,-0.16171352096287
157351,851.0,604.0,47.0,-7.06300315093032
632358,216.0,1330.0,48.0,-0.0067242921308465
157724,1224.0,604.0,47.0,-1.04974075686034
156672,150.0,604.0,47.0,-9.05424167865628
157851,1351.0,604.0,47.0,-0.736523697387215
158549,753.0,359.0,47.0,1.78259536960707
632364,397.0,604.0,48.0,-1.712147155686029
157467,967.0,604.0,47.0,-0.213597715875049
157216,712.0,604.0,47.0,-1.21353728842977
157358,858.0,604.0,47.0,2.66943883903712
157990,1489.0,604.0,47.0,0.604245787317487
158091,1592.0,604.0,47.0,-17.3947015236037
158479,15.0,788.0,47.0,3.26354333665014
158047,1546.0,604.0,47.0,1.10740059555409
157095,558.0,604.0,47.0,-11.6420237674163
157190,685.0,604.0,47.0,-16.2584257168603
157903,1403.0,604.0,47.0,-1.61432655686034
157875,1375.0,604.0,47.0,-1.5082524010336
157480,980.0,604.0,47.0,2.58832987190715
157129,597.0,604.0,47.0,-0.0928682054312098
157279,777.0,604.0,47.0,-8.11155839686034
158252,1753.0,604.0,47.0,-0.274133201297142
158633,1352.0,475.0,47.0,-13.6846151055851
157917,1417.0,604.0,47.0,3.58542648906968
157468,968.0,604.0,47.0,2.03928358228436
156627,105.0,604.0,47.0,-0.95985676444592
157404,904.0,604.0,47.0,8.43564808028596
158509,1330.0,127.0,47.0,10.0286628372175
157829,1329.0,604.0,47.0,0.340019653205578
157518,1018.0,604.0,47.0,0.917680275554081
156631,109.0,604.0,47.0,4.24278213784938
157305,805.0,604.0,47.0,-4.82081971185073
158795,1352.0,419.0,47.0,-1.61372162189222
157281,779.0,604.0,47.0,10.6462549740419
156948,429.0,604.0,47.0,-0.774936468438416
156816,292.0,604.0,47.0,6.54347227851367
157304,804.0,604.0,47.0,-2.69657036096287
157652,1152.0,604.0,47.0,-11.8692587098478
157507,1007.0,604.0,47.0,-7.08367431686034
157565,1065.0,604.0,47.0,-27.8221058739578
156541,16.0,604.0,47.0,1.65650503639626
158193,1694.0,604.0,47.0,1.04939393934259
158533,1330.0,37.0,47.0,-16.0898436323528
157717,1217.0,604.0,47.0,5.77399410381091
157579,1079.0,604.0,47.0,-5.33183746862373
157445,945.0,604.0,47.0,3.14520365386818
158000,1499.0,604.0,47.0,-0.301507791850727
632367,31.0,296.0,48.0,7.911559868013327
156484,659.0,604.0,46.0,10.5563153261741
157731,1231.0,604.0,47.0,6.75181329404192
158553,731.0,359.0,47.0,-0.575965759720402
156810,286.0,604.0,47.0,1.68002864313966
158364,123.0,101.0,47.0,-2.42632884741634
158691,75.0,227.0,47.0,-16.9185713300915
157041,526.0,604.0,47.0,-5.05810520543121
157730,1230.0,604.0,47.0,-1.85115548096288
157823,1323.0,604.0,47.0,-4.43209976096288
157528,1028.0,604.0,47.0,-4.6059072649336
158638,1330.0,453.0,47.0,-12.3187321855851
156861,337.0,604.0,47.0,3.03165978231772
158182,1683.0,604.0,47.0,4.76626550430961
158350,1851.0,604.0,47.0,11.7349720890323
156874,351.0,604.0,47.0,7.0497464255182
156667,145.0,604.0,47.0,3.20207558640745
157913,1413.0,604.0,47.0,12.5550695585937
157991,1490.0,604.0,47.0,5.8524716073071
157209,705.0,604.0,47.0,-10.3106202345537
156545,20.0,604.0,47.0,9.49196425772288
158345,1846.0,604.0,47.0,7.45234572561999
157385,885.0,604.0,47.0,5.17146516481819
157522,1022.0,604.0,47.0,-0.586597930375935
158199,1700.0,604.0,47.0,-5.60280731686034
157870,1370.0,604.0,47.0,-6.56003799770251
157936,1436.0,604.0,47.0,15.370575440286
157076,3254.0,604.0,47.0,19.1064501741909
157693,1193.0,604.0,47.0,-6.17887583686034
157302,802.0,604.0,47.0,-5.75330191093033
156984,468.0,604.0,47.0,3.90796744857959
157128,596.0,604.0,47.0,-14.4428324368603
156883,361.0,604.0,47.0,16.0419867953713
156501,788.0,123.0,46.0,-0.128885257876149
157338,838.0,604.0,47.0,2.65974254374877
156523,296.0,604.0,46.0,11.782547532526
157610,1110.0,604.0,47.0,-29.3357654054312
157515,1015.0,604.0,47.0,1.58715325344593
158645,419.0,453.0,47.0,-5.33153448741635
156996,480.0,604.0,47.0,-2.90427858558515
157632,1132.0,604.0,47.0,-7.91707404258333
157166,653.0,604.0,47.0,-3.82812707686031
157427,927.0,604.0,47.0,3.58735068280539
157805,1305.0,604.0,47.0,-0.557285905267864
157975,1475.0,604.0,47.0,-1.20158483272627
156791,267.0,604.0,47.0,2.20261075046625
158247,1748.0,604.0,47.0,6.42823514896721
157887,1387.0,604.0,47.0,4.48068224931004
157460,960.0,604.0,47.0,-7.68841335587505
158575,731.0,753.0,47.0,-3.1018495688135
157098,561.0,604.0,47.0,-28.3009017968603
156673,151.0,604.0,47.0,-2.24845106894815
157682,1182.0,604.0,47.0,-13.3449945207874
157546,1046.0,604.0,47.0,-2.06688984264997
158111,1612.0,604.0,47.0,1.40500719936282
157269,767.0,604.0,47.0,-4.69560799686033
157339,839.0,604.0,47.0,2.28604811741666
158354,1855.0,604.0,47.0,-3.77927464543121
157202,697.0,604.0,47.0,-11.6496384368603
158796,15.0,419.0,47.0,13.6537404181078
156499,451.0,604.0,46.0,8.12007149055997
156640,118.0,604.0,47.0,-1.2361637940791
158156,1657.0,604.0,47.0,1.16830664412495
158070,1570.0,604.0,47.0,-8.5780709254312
632328,731.0,604.0,48.0,-1.068417096413594
157642,1142.0,604.0,47.0,-0.26001495764037
157702,1202.0,604.0,47.0,8.92595004999693
632324,420.0,604.0,48.0,-8.257617671348088
156718,195.0,604.0,47.0,1.51822568514534
157901,1401.0,604.0,47.0,-5.7011350740791
157718,1218.0,604.0,47.0,-4.06430715503286
632315,455.0,604.0,47.0,-2.415858989064799
158468,296.0,788.0,47.0,-0.55445842334985
157244,742.0,604.0,47.0,-7.95258307686033
156705,182.0,604.0,47.0,10.8545191193707
156858,334.0,604.0,47.0,5.68461676496714
157106,570.0,604.0,47.0,8.77637892442384
158587,228.0,753.0,47.0,1.73106000264957
158534,397.0,37.0,47.0,2.90448112726132
158473,228.0,788.0,47.0,-0.279424581389115
158448,216.0,123.0,47.0,-5.7878736870215
157136,604.0,604.0,47.0,4.59224483394391
632347,1330.0,604.0,48.0,-1.1014208729139363
157812,1312.0,604.0,47.0,4.75834489817948
157083,4078.0,604.0,47.0,-7.23051123818164
156676,154.0,604.0,47.0,-3.63867754268258
158027,1526.0,604.0,47.0,-4.99412829103279
157970,1470.0,604.0,47.0,-2.30419299686034
156498,790.0,604.0,46.0,5.00775065958975
157817,1317.0,604.0,47.0,8.15187238379722
632331,296.0,296.0,48.0,0.0175363877416599
157176,671.0,604.0,47.0,-8.60751219686034
157307,807.0,604.0,47.0,-5.44600300444592
158433,731.0,123.0,47.0,-1.62137015057301
157754,1254.0,604.0,47.0,3.13542404625107
158474,413.0,788.0,47.0,5.42169993017582
158357,1858.0,604.0,47.0,11.2149775542111
157680,1180.0,604.0,47.0,1.1603131504739
158761,419.0,296.0,47.0,16.5617754147321
156836,312.0,604.0,47.0,10.911355950162
157476,976.0,604.0,47.0,8.09819447841614
158434,317.0,123.0,47.0,4.81718653765079
156763,239.0,604.0,47.0,1.14642863387682
156510,419.0,296.0,46.0,0.27558075591353
158610,31.0,72.0,47.0,-1.73035701561861
157033,517.0,604.0,47.0,-7.77675647093033
632307,59.0,604.0,47.0,4.670160322785435
158213,1714.0,604.0,47.0,-6.58102448096287
156767,243.0,604.0,47.0,-3.29628828360374
156526,0.0,604.0,47.0,1.65675198886722
157417,917.0,604.0,47.0,-2.31725003686034
157787,1287.0,604.0,47.0,2.06588439405989
158225,1726.0,604.0,47.0,-9.87592375093031
157075,4077.0,604.0,47.0,-0.382404756860338
158511,75.0,127.0,47.0,0.684425944679309
632327,731.0,296.0,48.0,0.5825129948147767
157341,841.0,604.0,47.0,9.99521436922437
158711,419.0,1330.0,47.0,-18.6515265170482
157286,784.0,604.0,47.0,9.85489519387682
158571,15.0,359.0,47.0,1.52584732752798
157999,1498.0,604.0,47.0,-4.04343411455374
157925,1425.0,604.0,47.0,-0.886260114079099
158246,1747.0,604.0,47.0,2.07516808814927
158384,407.0,101.0,47.0,-2.14790756357038
158467,406.0,788.0,47.0,-1.5824580533145
158097,1598.0,604.0,47.0,6.2674958374381
158703,1352.0,227.0,47.0,-13.569677790842
157479,979.0,604.0,47.0,7.82885107007968
156679,157.0,604.0,47.0,9.60590133404192
157676,1176.0,604.0,47.0,0.903145935540959
157961,1461.0,604.0,47.0,9.21646953857877
157506,1006.0,604.0,47.0,-3.09159475686033
158499,1280.0,1275.0,47.0,3.79685417226206
157580,1080.0,604.0,47.0,-15.8899526768603
157624,1124.0,604.0,47.0,6.89909177173532
156671,149.0,604.0,47.0,-5.5358334667629
158699,413.0,227.0,47.0,-20.1157982207598
158621,75.0,475.0,47.0,-5.63209078845213
157123,591.0,604.0,47.0,-9.28309627686033
157897,1397.0,604.0,47.0,-2.42645665402286
158035,1534.0,604.0,47.0,6.15229867555408
158475,31.0,788.0,47.0,6.15827351940175
156610,88.0,604.0,47.0,2.94601744119477
158284,1785.0,604.0,47.0,0.315916875888341
158282,1783.0,604.0,47.0,3.36651830962407
157222,719.0,604.0,47.0,5.94195931003087
158730,216.0,397.0,47.0,0.20532570513399
157906,1406.0,604.0,47.0,0.169563568260859
156549,24.0,604.0,47.0,1.33124250096753
156670,148.0,604.0,47.0,1.32969784903231
156988,472.0,604.0,47.0,9.65307316857957
632301,731.0,604.0,47.0,2.716231298349878
156737,214.0,604.0,47.0,-6.66844200411165
158778,1352.0,914.0,47.0,-2.45375728084738
157879,1379.0,604.0,47.0,5.77395252338003
158585,419.0,753.0,47.0,-9.59480844426757
156490,575.0,604.0,46.0,8.57742096564268
157745,1245.0,604.0,47.0,8.94134727852064
158769,15.0,296.0,47.0,-1.049841828226
157802,1302.0,604.0,47.0,0.0970020775380765
157052,540.0,604.0,47.0,7.83434454282767
156799,275.0,604.0,47.0,3.70834869225181
158130,1631.0,604.0,47.0,5.42296551595286
157601,1101.0,604.0,47.0,1.37354672313966
158564,1280.0,359.0,47.0,-6.81159165959314
157583,1083.0,604.0,47.0,2.94844460313966
158469,914.0,788.0,47.0,0.109597678520636
158770,407.0,914.0,47.0,-6.15913395711003
157265,763.0,604.0,47.0,-6.9801035207874
156918,396.0,604.0,47.0,1.79404976604224
632355,1568.0,604.0,48.0,-3.81308801701034
156809,285.0,604.0,47.0,11.0475784792408
158122,1623.0,604.0,47.0,6.7035235348841
158277,1778.0,604.0,47.0,-10.6091760768603
156669,147.0,604.0,47.0,6.96065579573244
157079,3288.0,604.0,47.0,-7.66754459185073
157287,785.0,604.0,47.0,-1.31319810065741
632345,1330.0,914.0,48.0,-1.5128924282244955
632313,352.0,604.0,47.0,16.273727804174
157180,675.0,604.0,47.0,-15.2697829168603
157643,1143.0,604.0,47.0,-7.11418279686033
157096,559.0,604.0,47.0,-13.7629301168603
158667,31.0,731.0,47.0,8.53900136488488
157944,1444.0,604.0,47.0,-1.02221998595808
156664,142.0,604.0,47.0,6.25712134096754
158527,72.0,37.0,47.0,12.9572800997797
158826,655.0,604.0,47.0,10.4430540072764
156987,471.0,604.0,47.0,1.9788807594231
157673,1173.0,604.0,47.0,1.45213362821437
158754,31.0,406.0,47.0,1.75826743663838
157308,808.0,604.0,47.0,5.07482772313967
158192,1693.0,604.0,47.0,-2.75453928444592
157069,2051.0,604.0,47.0,15.2490965723145
158160,1661.0,604.0,47.0,3.01311543640664
156714,191.0,604.0,47.0,-2.28154802595809
157912,1412.0,604.0,47.0,-5.21942371686034
158006,1505.0,604.0,47.0,-0.57602183577779
157249,747.0,604.0,47.0,7.76132093172469
156659,137.0,604.0,47.0,5.08573189796897
157420,920.0,604.0,47.0,-6.24927587533378
158392,1352.0,101.0,47.0,-0.296690239991291
157704,1204.0,604.0,47.0,-1.95506039980211
156725,202.0,604.0,47.0,-1.41547521385186
158518,228.0,127.0,47.0,-25.9634190856105
157586,1086.0,604.0,47.0,-0.199842122583347
156831,307.0,604.0,47.0,5.16730199549605
156848,324.0,604.0,47.0,2.08320295786779
158684,31.0,317.0,47.0,4.11716847915262
156985,469.0,604.0,47.0,-0.767302569837983
156634,112.0,604.0,47.0,9.07444020761265
157983,1482.0,604.0,47.0,-3.07276628357038
156732,209.0,604.0,47.0,3.1869077201411
158307,1808.0,604.0,47.0,-1.07189552264998
157524,1024.0,604.0,47.0,-3.04729270661094
156792,268.0,604.0,47.0,0.988933294041913
158278,1779.0,604.0,47.0,-1.73459536444592
158789,1280.0,419.0,47.0,8.3043450861699
158760,407.0,296.0,47.0,2.74295008412495
157920,1420.0,604.0,47.0,1.45888123921261
158258,1759.0,604.0,47.0,-9.74284647686033
156967,448.0,604.0,47.0,8.80110151573244
158595,453.0,72.0,47.0,0.172944340563767
157548,1048.0,604.0,47.0,-3.56404230133905
158462,317.0,788.0,47.0,-9.2999074867525
156755,231.0,604.0,47.0,2.29191932604224
157288,786.0,604.0,47.0,3.56601885077549
156480,50.0,604.0,46.0,5.06100231641937
156622,100.0,604.0,47.0,-1.21275843686034
157353,853.0,604.0,47.0,3.37020200134371
158804,413.0,228.0,47.0,-0.773542238705691
157670,1170.0,604.0,47.0,2.07655242896719
158541,1280.0,37.0,47.0,-0.225885471102329
158523,1352.0,127.0,47.0,-23.2655963438127
158584,407.0,753.0,47.0,-0.45090874911383
158240,1741.0,604.0,47.0,0.880965683139663
158239,1740.0,604.0,47.0,-3.92984791587505
158390,216.0,101.0,47.0,-1.84715654822822
158085,1586.0,604.0,47.0,15.0398429059771
158664,1280.0,731.0,47.0,-3.90077621470464
157037,521.0,604.0,47.0,0.648863478722507
158376,317.0,101.0,47.0,3.77009516280539
157898,1398.0,604.0,47.0,-9.83979871455375
158041,1540.0,604.0,47.0,1.04632772292409
158740,228.0,75.0,47.0,-5.52329561214458
158516,419.0,127.0,47.0,6.85792180814087
158224,1725.0,604.0,47.0,4.69069867235026
157314,814.0,604.0,47.0,-28.2468306768603
158696,419.0,227.0,47.0,-7.27688632068385
158043,1542.0,604.0,47.0,-6.99592962862373
158617,317.0,475.0,47.0,-2.84689579377339
156878,356.0,604.0,47.0,3.1349326550664
157297,797.0,604.0,47.0,-6.68384259350448
158273,1774.0,604.0,47.0,0.409029845920909
158327,1828.0,604.0,47.0,4.60776666729397
157366,866.0,604.0,47.0,-6.53170547686034
158205,1706.0,604.0,47.0,-0.959428075875036
158073,1573.0,604.0,47.0,19.6069127593322
157694,1194.0,604.0,47.0,-0.627925356860342
157272,770.0,604.0,47.0,-0.542164662959528
157278,776.0,604.0,47.0,4.06187284264787
158105,1606.0,604.0,47.0,2.66485646096753
158228,1729.0,604.0,47.0,2.08339847639628
158237,1738.0,604.0,47.0,-0.696613321805064
158033,1532.0,604.0,47.0,-15.4327305168603
632311,453.0,604.0,47.0,5.702515506588475
158039,1538.0,604.0,47.0,0.868793319332199
158348,1849.0,604.0,47.0,2.09928455046625
158191,1692.0,604.0,47.0,-3.10270252675252
158386,1280.0,101.0,47.0,1.4905049362612
158560,296.0,359.0,47.0,-2.92277668471338
158168,1669.0,604.0,47.0,2.24937388822749
158820,1352.0,216.0,47.0,1.77683999873289
158784,31.0,407.0,47.0,-6.59184672084738
158530,731.0,37.0,47.0,-0.832618966896749
158716,216.0,1330.0,47.0,6.05846325609884
157474,974.0,604.0,47.0,0.820901441818353
157293,793.0,604.0,47.0,3.06718036264786
157741,1241.0,604.0,47.0,-2.46558207686033
158704,15.0,227.0,47.0,-12.1706612427945
157187,682.0,604.0,47.0,-16.4346711654312
157335,835.0,604.0,47.0,-5.54484231185073
157212,708.0,604.0,47.0,-0.427486721486331
157863,1363.0,604.0,47.0,2.4025082762505
158054,1553.0,604.0,47.0,16.9735266936385
158640,75.0,453.0,47.0,2.01321922979038
157957,1457.0,604.0,47.0,12.6950512162612
157148,616.0,604.0,47.0,-1.53094580742758
157801,1301.0,604.0,47.0,-7.96102992411164
157170,665.0,604.0,47.0,-12.8386260768603
157969,1469.0,604.0,47.0,-5.5931607198589
158581,406.0,753.0,47.0,8.11717899954444
157415,915.0,604.0,47.0,-2.59356406754119
158721,406.0,397.0,47.0,3.71462544382973
158264,1765.0,604.0,47.0,-0.164274201297142
157092,3145.0,604.0,47.0,1.74269468496713
156601,79.0,604.0,47.0,1.57821185177399
157755,1255.0,604.0,47.0,-9.61530240543121
157196,691.0,604.0,47.0,-2.72449984543121
158052,1551.0,604.0,47.0,-0.57849575686034
157408,908.0,604.0,47.0,6.49752976313966
157560,1060.0,604.0,47.0,12.1853845671248
158472,1280.0,788.0,47.0,1.93292523836126
158629,413.0,475.0,47.0,-2.83342432336161
158332,1833.0,604.0,47.0,0.672416551420022
157595,1095.0,604.0,47.0,-29.5754914768604
158450,1352.0,123.0,47.0,3.06406079431647
157777,1277.0,604.0,47.0,-6.53669871511445
156736,213.0,604.0,47.0,0.0756659391689423
156976,460.0,604.0,47.0,-8.82782015686034
157473,973.0,604.0,47.0,-4.92890482862374
157571,1071.0,604.0,47.0,-17.3876970007874
156982,466.0,604.0,47.0,0.534717788026482
157438,938.0,604.0,47.0,-1.21914884675251
158709,914.0,1330.0,47.0,-32.0650238768603
158024,1523.0,604.0,47.0,-9.17056136675251
157764,1264.0,604.0,47.0,-4.1129908249336
157290,789.0,604.0,47.0,8.76375132235963
158774,413.0,914.0,47.0,-0.394985688805752
157253,751.0,604.0,47.0,6.21093026537303
157681,1181.0,604.0,47.0,5.17306971965662
158440,296.0,123.0,47.0,-0.999772347855972
157384,884.0,604.0,47.0,13.4129159792903
157337,837.0,604.0,47.0,1.19775933323709
156604,82.0,604.0,47.0,4.16681910176221
157485,985.0,604.0,47.0,-0.624301483936167
158683,413.0,317.0,47.0,-6.43651011110233
158471,419.0,788.0,47.0,1.04801112295178
156993,477.0,604.0,47.0,6.300960343303
157115,581.0,604.0,47.0,-2.56240004722714
157814,1314.0,604.0,47.0,5.05497817913325
157798,1298.0,604.0,47.0,1.01046800496714
157644,1144.0,604.0,47.0,0.922380198702864
157454,954.0,604.0,47.0,1.95199518279501
156728,205.0,604.0,47.0,5.63214868313967
156649,127.0,604.0,47.0,0.171296820344852
157793,1293.0,604.0,47.0,6.15298303573244
156532,6.0,604.0,47.0,6.29251239324749
157751,1251.0,604.0,47.0,0.56677273320557
156768,244.0,604.0,47.0,-0.0409913899432065
158367,491.0,101.0,47.0,1.58170885302996
156959,440.0,604.0,47.0,12.2025612540419
156841,317.0,604.0,47.0,-7.50250747686034
157008,492.0,604.0,47.0,2.22092801301737
158608,228.0,72.0,47.0,-11.5597199675986
156975,459.0,604.0,47.0,1.10022328166244
157228,725.0,604.0,47.0,-9.43896878760334
158378,1330.0,101.0,47.0,1.10795362802649
157929,1429.0,604.0,47.0,4.67994999819495
157835,1335.0,604.0,47.0,-3.20992121900358
158347,1848.0,604.0,47.0,-2.03947052543122
157296,796.0,604.0,47.0,8.05740360162508
157919,1419.0,604.0,47.0,6.20543071489721
158185,1686.0,604.0,47.0,-7.62660824000911
157140,608.0,604.0,47.0,-28.1996122768603
156563,39.0,604.0,47.0,5.15882117737299
156496,420.0,604.0,46.0,-12.0583431328204
157954,1454.0,604.0,47.0,3.9566121001875
157807,1307.0,604.0,47.0,-2.18543515503285
157102,566.0,604.0,47.0,-2.89116856953374
156961,442.0,604.0,47.0,6.56450792412496
156715,192.0,604.0,47.0,-3.88104000180505
157434,934.0,604.0,47.0,4.54783925105184
156752,228.0,604.0,47.0,-1.9364597849336
157470,970.0,604.0,47.0,2.01269484257897
157822,1322.0,604.0,47.0,4.45259665554097
157581,1081.0,604.0,47.0,5.9558752815192
156907,385.0,604.0,47.0,-2.13308395686034
158713,228.0,1330.0,47.0,6.12072664747085
157376,876.0,604.0,47.0,0.962367851376258
158680,419.0,317.0,47.0,-1.57917145026497
156851,327.0,604.0,47.0,-1.75402810720692
158644,407.0,453.0,47.0,-20.8123643017751
157749,1249.0,604.0,47.0,1.17002375555409
158065,1564.0,604.0,47.0,21.0141446065059
158682,228.0,317.0,47.0,-32.9106525865849
158333,1834.0,604.0,47.0,4.09509168592089
157056,545.0,604.0,47.0,-0.997731582031022
632363,575.0,604.0,48.0,0.9054341179199104
157500,1000.0,604.0,47.0,0.180656953247489
156818,294.0,604.0,47.0,5.36779005387692
157723,1223.0,604.0,47.0,3.99456259903712
156730,207.0,604.0,47.0,-1.52666567686035
156680,158.0,604.0,47.0,1.04842921118839
158452,1275.0,788.0,47.0,-0.596632005100797
157388,888.0,604.0,47.0,-0.577335004445919
156986,470.0,604.0,47.0,0.974744391805373
157357,857.0,604.0,47.0,-5.79782480000911
158352,1853.0,604.0,47.0,-8.22947856953375
158748,914.0,406.0,47.0,-10.7234034176726
157889,1389.0,604.0,47.0,7.30992226367055
157198,693.0,604.0,47.0,-6.05438223686034
158244,1745.0,604.0,47.0,-10.5363481568603
157756,1256.0,604.0,47.0,5.75449016028595
157761,1261.0,604.0,47.0,8.48328110971214
158241,1742.0,604.0,47.0,0.267706602359635
158458,72.0,788.0,47.0,4.43922076994988
157856,1356.0,604.0,47.0,2.91191234096754
156735,212.0,604.0,47.0,1.69658887387683
156522,1330.0,296.0,46.0,6.22603352581388
157448,948.0,604.0,47.0,-7.64256793037593
157122,590.0,604.0,47.0,3.50556381323709
158292,1793.0,604.0,47.0,-5.80921064722716
158326,1827.0,604.0,47.0,7.16398501404191
632330,699.0,604.0,48.0,-4.303884814055119
158215,1716.0,604.0,47.0,4.11628202641842
156597,75.0,604.0,47.0,4.08041020488558
158177,1678.0,604.0,47.0,7.54999702483131
157602,1102.0,604.0,47.0,-4.50150419686034
157197,692.0,604.0,47.0,-16.3291694768603
158189,1690.0,604.0,47.0,-11.9381678768603
157449,949.0,604.0,47.0,6.98118776466622
156785,261.0,604.0,47.0,-2.74717423455375
156495,555.0,604.0,46.0,-6.14215883184321
156876,354.0,604.0,47.0,4.39352814772428
157236,734.0,604.0,47.0,10.53591426297
156970,452.0,604.0,47.0,5.02152851232344
158094,1595.0,604.0,47.0,-6.40595606862372
156686,164.0,604.0,47.0,7.330756416865
157531,1031.0,604.0,47.0,1.24010647870286
156503,3932.0,413.0,46.0,-3.16088148764117
157294,794.0,604.0,47.0,3.01829257045586
158813,1352.0,413.0,47.0,-0.0978409450579369
158362,1863.0,604.0,47.0,1.9184737433669
157921,1421.0,604.0,47.0,2.42566260466623
158385,419.0,101.0,47.0,3.58710141339036
157520,1020.0,604.0,47.0,-1.50056131487817
158055,1554.0,604.0,47.0,0.256724879037127
158463,227.0,788.0,47.0,-8.33407634133906
157193,688.0,604.0,47.0,0.0456672755540782
632310,1568.0,604.0,47.0,15.10121562880527
157340,840.0,604.0,47.0,2.86467148264957
157677,1177.0,604.0,47.0,-11.5101979254312
156717,194.0,604.0,47.0,0.460739193247485
158762,1280.0,296.0,47.0,2.99033799448125
157697,1197.0,604.0,47.0,3.61962724412495
157354,854.0,604.0,47.0,9.49495136561999
158351,1852.0,604.0,47.0,-1.74763123764037
158619,1330.0,475.0,47.0,-11.0865962112273
157125,593.0,604.0,47.0,-34.6859041568603
157830,1331.0,604.0,47.0,-2.97232240117572
157081,2677.0,604.0,47.0,2.56522429105184
158457,753.0,788.0,47.0,0.0412664959199238
157551,1051.0,604.0,47.0,-0.724961066794422
157414,914.0,604.0,47.0,3.85698763160351
156798,274.0,604.0,47.0,1.78941589251535
156504,1330.0,914.0,46.0,0.261914956963263
158143,1644.0,604.0,47.0,-5.35723022530122
157063,553.0,604.0,47.0,-90.8587409654312
157958,1458.0,604.0,47.0,-5.01947396722715
156827,303.0,604.0,47.0,-7.69598251455374
157674,1174.0,604.0,47.0,7.78235804248097
157994,1493.0,604.0,47.0,9.19589590381093
156968,449.0,604.0,47.0,3.10875875747137
157486,986.0,604.0,47.0,1.38011517422413
158276,1777.0,604.0,47.0,15.287908247815
158369,37.0,101.0,47.0,1.18569903085224
156914,392.0,604.0,47.0,1.24581858896721
157441,941.0,604.0,47.0,2.46731427870285
158136,1637.0,604.0,47.0,-3.37227565037593
158588,413.0,753.0,47.0,-5.58984280426756
156644,122.0,604.0,47.0,-2.06792942885014
158592,1352.0,753.0,47.0,11.5535711917048
157572,1072.0,604.0,47.0,-2.47388986203103
157880,1380.0,604.0,47.0,-2.19133390119868
158223,1724.0,604.0,47.0,-1.81822660129713
156592,70.0,604.0,47.0,3.23446550802648
158330,1831.0,604.0,47.0,6.37433681796897
156896,374.0,604.0,47.0,0.986397595554086
158020,1519.0,604.0,47.0,2.8140064550664
157072,2699.0,604.0,47.0,17.4571691246662
156633,111.0,604.0,47.0,1.49966912313967
158525,359.0,37.0,47.0,-6.20484384097524
157785,1285.0,604.0,47.0,-2.11872545268252
158643,914.0,453.0,47.0,-27.2556096368603
157846,1346.0,604.0,47.0,8.29227322177004
157891,1391.0,604.0,47.0,7.55035995555409
158089,1590.0,604.0,47.0,-8.05978143515573
157557,1057.0,604.0,47.0,14.2088939847647
158304,1805.0,604.0,47.0,-2.98309979686034
157886,1386.0,604.0,47.0,14.8617996048849
